Hindi	Santali
स्कूल	ᱟᱥᱲᱟ
कक्षा	ᱪᱟᱱᱟᱪ
दरवाजा	ᱫᱩᱟᱹᱨ
खिड़की	ᱠᱷᱤᱲᱠᱤ
दीवार	ᱵᱷᱤᱛ
छत	ᱥᱟᱨᱤᱢ
फर्श	ᱚᱛᱮ
कोना	ᱠᱚᱬᱟ
बरामदा	ᱯᱤᱱᱰ
मैदान	ᱴᱟᱸᱰᱤ
बगीचा	ᱵᱟᱜᱟᱱ
गेट	ᱫᱩᱟᱹᱨ
बाउंड्री	ᱥᱤᱢᱟ
खंभा	ᱠᱷᱩᱱᱴ
सीढ़ी	ᱫᱷᱟᱯ
हॉल	ᱢᱟᱨᱟᱝ ᱚᱲᱟᱜ
बैठक	ᱫᱩᱲᱩᱵ ᱚᱲᱟᱜ
मंच	ᱢᱟᱧᱪ
झंडा	ᱡᱷᱟᱱᱰᱟ
घंटी	ᱜᱷᱟᱱᱴᱤ
सीटी	ᱣᱤᱥᱤᱞ
बेंच	ᱵᱮᱸᱪ
डेस्क	ᱰᱮᱥᱠ
कुर्सी	ᱠᱩᱨᱥᱤ
मेज	ᱢᱮᱡᱽ
आलमारी	ᱟᱞᱢᱟᱨᱤ
ताला	ᱛᱟᱞᱟ
चाबी	ᱪᱟᱵᱤ
लाइट	ᱵᱟᱹᱛᱤ
पंखा	ᱯᱟᱝᱠᱷᱟ
स्विच	ᱥᱩᱭᱤᱪ
तार	ᱛᱟᱨ
बल्ब	ᱵᱚᱞᱵᱽ
रोशनी	ᱢᱟᱨᱥᱟᱞ
छाया	ᱩᱢᱩᱞ
अंधेरा	ᱱᱩᱛ
उजाला	ᱢᱟᱨᱥᱟᱞ
सफाई	ᱥᱟᱯᱷᱟ
झाड़ू	ᱡᱚᱱᱚᱣ
पोंछा	ᱯᱷᱟᱨᱪᱟ
कूड़ा	ᱡᱟᱵᱽᱨᱟ
कूड़ेदान	ᱡᱟᱵᱽᱨᱟ ᱴᱩᱯᱞᱤ
शौचालय	ᱥᱟᱯᱷᱟ ᱚᱲᱟᱜ
नल	ᱠᱚᱞ
टंकी	ᱴᱟᱝᱠᱤ
कुआं	ᱠᱩᱸᱭ
पानी	ᱫᱟᱜ
बोतल	ᱵᱚᱛᱚᱞ
टिफिन	ᱴᱤᱯᱷᱤᱱ
थाली	ᱛᱷᱟᱨᱤ
बस्ता	ᱡᱷᱳᱞᱟ
किताब	ᱯᱩᱛᱷᱤ
पन्ना	ᱥᱟᱠᱟᱢ
पृष्ठ	ᱥᱟᱠᱟᱢ ᱮᱞ
पाठ	ᱯᱟᱴᱷ
अध्याय	ᱦᱟᱹᱴᱤᱧ
कहानी	ᱠᱟᱦᱱᱤ
कविता	ᱚᱱᱦᱮᱬ
गीत	ᱥᱮᱨᱮᱧ
कॉपी	ᱠᱷᱟᱛᱟ
कलम	ᱠᱚᱞᱚᱢ
पेंसिल	ᱯᱮᱱᱥᱤᱞ
रबर	ᱨᱚᱵᱚᱨ
स्केल	ᱥᱠᱮᱞ
चौक	ᱪᱚᱠ
डस्टर	ᱰᱟᱥᱴᱟᱨ
ब्लैकबोर्ड	ᱦᱮᱸᱫᱮ ᱵᱚᱨᱰ
चार्ट	ᱪᱟᱨᱴ
नक्शा	ᱱᱟᱠᱥᱟ
ग्लोब	ᱜᱽᱞᱳᱵᱽ
चित्र	ᱪᱤᱛᱟᱹᱨ
रंग	ᱨᱚᱝ
रंगीन पेंसिल	ᱨᱚᱝ ᱯᱮᱱᱥᱤᱞ
वॉटरकलर	ᱫᱟᱜ ᱨᱚᱝ
ब्रश	ᱵᱽᱨᱚᱥ
कैंची	ᱠᱟᱯᱪᱤ
गोंद	ᱟᱹᱴᱷᱟ
धागा	ᱥᱩᱛᱟᱹ
डोरी	ᱫᱳᱨᱤ
सुई	ᱥᱩᱛᱩᱧ
फाइल	ᱯᱷᱟᱭᱞ
क्लिप	ᱠᱞᱤᱯ
पिन	ᱯᱤᱱ
अक्षर	ᱚᱠᱷᱚᱨ
शब्द	ᱟᱲᱟᱝ
वाक्य	ᱨᱚᱲ
भाषा	ᱯᱟᱹᱨᱥᱤ
लिपि	ᱞᱤᱯᱤ
ओल् चिकि	ᱚᱞ ᱪᱤᱠᱤ
व्याकरण	ᱜᱟᱱᱟᱱ
संज्ञा	ᱧᱩᱢ
सर्वनाम	ᱧᱩᱢ ᱴᱷᱟᱶ
विशेषण	ᱜᱩᱱ
क्रिया	ᱠᱟᱹᱢᱤ
सुलेख	ᱪᱚᱨᱚᱠ ᱚᱞ
श्रुतलेख	ᱟᱸᱡᱚᱢ ᱚᱞ
मात्रा	ᱪᱤᱱ
बिंदु	ᱴᱩᱰᱟᱹᱜ
रेखा	ᱜᱟᱨ
कोण	ᱠᱚᱬ
त्रिभुज	ᱯᱮ ᱠᱚᱬ
वर्ग	ᱪᱟᱹᱨᱠᱳᱬ
आयत	ᱯᱩᱱ ᱠᱚᱬ
वृत्त	ᱜᱩᱞ
समीकरण	ᱞᱮᱠᱷᱟ ᱥᱚᱡᱷ
गणित	ᱞᱮᱠᱷᱟ
गिनती	ᱞᱮᱠᱷᱟ
संख्या	ᱮᱞ
अंक	ᱮᱞ
शून्य	ᱥᱩᱱ
एक	ᱢᱤᱫ
दो	ᱵᱟᱨ
तीन	ᱯᱮ
चार	ᱯᱩᱱ
पांच	ᱢᱚᱬᱮ
छह	ᱛᱩᱨᱩᱭ
सात	ᱮᱭᱟᱭ
आठ	ᱤᱨᱟᱹ
नौ	ᱟᱨᱮ
दस	ᱜᱮᱞ
सौ	ᱥᱟᱭ
पहला	ᱯᱟᱹᱦᱤᱞ
दूसरा	ᱫᱚᱥᱟᱨ
तीसरा	ᱛᱮᱥᱟᱨ
आधा	ᱟᱫᱷᱟ
पूरा	ᱯᱩᱨᱟᱹ
बराबर	ᱵᱟᱨᱟᱵᱟᱨ
जोड़	ᱡᱚᱲ
घटाव	ᱵᱷᱮᱜᱟᱲ
गुणा	ᱜᱩᱬᱟ
भाग	ᱦᱟᱹᱴᱤᱧ
प्रतिशत	ᱥᱟᱭ
भिन्न	ᱦᱟᱹᱴᱤᱧ ᱞᱮᱠᱷᱟ
दशमलव	ᱴᱩᱰᱟᱹᱜ
ज्यादा	ᱟᱹᱰᱤ
कम	ᱠᱚᱢ
भारी	ᱦᱟᱢᱟᱞ
हल्का	ᱨᱟᱣᱟᱞ
ऊंचा	ᱩᱥᱩᱞ
नीचा	ᱱᱤᱪᱟ
लंबा	ᱡᱤᱞᱤᱧ
नाटा	ᱠᱷᱟᱴᱚ
मोटा	ᱢᱚᱴᱟ
पतला	ᱯᱟᱛᱞᱟ
बड़ा	ᱞᱟᱹᱴᱩ
छोटा आकार	ᱠᱟᱹᱴᱤᱡ
माप	ᱡᱚᱠᱷᱟ
दर	ᱫᱟᱢ
मूल्य	ᱫᱟᱢ
हिसाब	ᱞᱮᱠᱷᱟ
शरीर	ᱦᱚᱲᱢᱚ
सिर	ᱵᱚᱦᱚᱜ
बाल	ᱩᱵ
चेहरा	ᱢᱮᱦᱟ
आंख	ᱢᱮᱫ
कान	ᱞᱩᱛᱩᱨ
नाक	ᱢᱩ
मुंह	ᱢᱚᱪᱟ
जीभ	ᱟᱞᱟᱝ
दांत	ᱰᱟᱴᱟ
गर्दन	ᱦᱚᱴᱚᱜ
कंधा	ᱛᱟᱨᱮᱱ
छाती	ᱠᱳᱲᱟ
पेट	ᱞᱟᱡ
हाथ	ᱛᱤ
उंगली	ᱠᱟᱴᱩᱵ
नाखून	ᱨᱟᱢᱟ
पैर	ᱡᱟᱝᱜᱟ
घुटना	ᱢᱩᱠᱲᱩᱢ
हड्डी	ᱡᱟᱝ
त्वचा	ᱦᱟᱨᱛᱟ
खून	ᱢᱟᱭᱟᱢ
स्वास्थ्य	ᱦᱚᱲᱢᱚ
नहाना	ᱩᱢ
साबुन	ᱥᱟᱵᱩᱱ
तौलिया	ᱜᱟᱢᱪᱷᱟ
दांत साफ करना	ᱰᱟᱴᱟ ᱥᱟᱯᱷᱟ
हाथ धोना	ᱛᱤ ᱟᱹᱨᱩᱵ
सफाई रखना	ᱥᱟᱯᱷᱟ ᱫᱚᱦᱚ
बीमारी	ᱨᱩᱣᱟᱹ
बुखार	ᱨᱩᱣᱟᱹ
जुकाम	ᱢᱟᱱᱫᱟ
दर्द	ᱦᱟᱥᱩ
दवा	ᱨᱟᱱ
पट्टी	ᱯᱟᱴᱴᱤ
डॉक्टर	ᱰᱟᱠᱴᱟᱨ
अस्पताल	ᱨᱟᱱ ᱚᱲᱟᱜ
आराम	ᱡᱤᱨᱟᱹᱣ
व्यायाम	ᱦᱚᱲᱢᱚ ᱮᱱᱮᱡ
दौड़	ᱫᱟᱹᱲ
खेल	ᱮᱱᱮᱡ
फुटबॉल	ᱯᱷᱩᱴᱵᱚᱞ
बैडमिंटन	ᱵᱮᱰᱢᱤᱱᱴᱚᱱ
कैरम	ᱠᱮᱨᱚᱢ
शतरंज	ᱥᱚᱛᱨᱚᱱᱡᱽ
जीत	ᱡᱤᱛᱠᱟᱹᱨ
हार	ᱦᱟᱨᱟᱣ
पदक	ᱯᱚᱫᱚᱠ
ट्रॉफी	ᱥᱤᱨᱯᱟᱹ
इनाम	ᱥᱤᱨᱯᱟᱹ
माता	ᱟᱭᱳ
पिता	ᱵᱟᱵᱟ
अभिभावक	ᱟᱭᱳ-ᱵᱟᱵᱟ
दादा	ᱦᱟᱲᱟᱢ ᱵᱟᱵᱟ
दादी	ᱵᱩᱰᱷᱤ ᱟᱭᱳ
नाना	ᱱᱟᱱᱟ
नानी	ᱱᱟᱱᱤ
भाई	ᱵᱚᱭᱦᱟ
बहन	ᱢᱤᱥᱮᱨᱟ
बेटा	ᱵᱟᱵᱩ
बेटी	ᱢᱟᱹᱭ
परिवार	ᱚᱲᱟᱜ ᱦᱚᱲ
घर	ᱚᱲᱟᱜ
बच्चा	ᱜᱤᱫᱽᱨᱟᱹ
लड़का	ᱠᱚᱲᱟ
लड़की	ᱠᱩᱲᱤ
शिशु	ᱜᱤᱫᱽᱨᱟᱹ
मित्र	ᱜᱟᱛᱮ
दोस्त	ᱜᱟᱛᱮ
सहपाठी	ᱪᱟᱱᱟᱪ ᱜᱟᱛᱮ
शत्रु	ᱵᱟᱹᱭᱨᱤ
गुरुजी	ᱢᱟᱪᱮᱛ
मैडम	ᱢᱟᱪᱮᱛᱟᱹᱱᱤ
शिक्षक	ᱢᱟᱪᱮᱛ
शिक्षिका	ᱢᱟᱪᱮᱛᱟᱹᱱᱤ
प्रधानाध्यापक	ᱢᱟᱨᱟᱝ ᱢᱟᱪᱮᱛ
छात्र	ᱯᱟᱹᱴᱷᱩᱣᱟᱹ
छात्रा	ᱯᱟᱹᱴᱷᱩᱣᱟᱹ ᱠᱩᱲᱤ
पाठक	ᱯᱟᱲᱦᱟᱣᱤᱡ
लेखक	ᱚᱞᱤᱡ
गायक	ᱥᱮᱨᱮᱧᱤᱡ
नर्तक	ᱮᱱᱮᱡᱤᱡ
चित्रकार	ᱪᱤᱛᱟᱹᱨᱤᱡ
खिलाड़ी	ᱮᱱᱮᱡᱤᱡ
कप्तान	ᱠᱟᱯᱛᱟᱱ
मॉनिटर	ᱪᱟᱱᱟᱪ ᱟᱭᱩᱨᱤᱡ
चपरासी	ᱠᱟᱹᱢᱤᱦᱚᱲ
चौकीदार	ᱦᱚᱨᱚᱦᱚᱭᱤᱡ
रसोईया	ᱫᱟᱠᱟ ᱤᱥᱤᱱᱤᱡ
ड्राइवर	ᱪᱟᱞᱟᱣᱤᱡ
किसान	ᱪᱟᱥᱤ
मजदूर	ᱠᱟᱹᱢᱤᱦᱚᱲ
दुकानदार	ᱫᱩᱠᱟᱱᱤ
पुलिस	ᱯᱩᱞᱤᱥ
सैनिक	ᱥᱟᱯᱟᱯ ᱦᱚᱲ
नेता	ᱟᱭᱩᱨᱤᱡ
नागरिक	ᱫᱤᱥᱚᱢ ᱦᱚᱲ
लोग	ᱦᱚᱲ
समाज	ᱥᱟᱶᱛᱟ
प्रकृति	ᱥᱤᱨᱡᱚᱱ
पर्यावरण	ᱯᱚᱨᱤᱵᱮᱥ
आकाश	ᱥᱮᱨᱢᱟ
सूरज	ᱥᱤᱝᱜᱤ
धूप	ᱥᱤᱛᱩᱝ
चाँद	ᱪᱟᱸᱫᱚ
तारा	ᱤᱯᱤᱞ
बादल	ᱨᱤᱢᱤᱞ
बारिश	ᱫᱟᱜ ᱡᱟᱹᱲᱤ
बिजली	ᱵᱤᱡᱽᱞᱤ
इन्द्रधनुष	ᱞᱤᱞᱤᱪ ᱚᱞ
हवा	ᱦᱚᱭ
आंधी	ᱦᱚᱭ ᱵᱟᱨᱫᱚ
मौसम	ᱚᱠᱛᱚ
गर्मी	ᱥᱤᱛᱩᱝ
सर्दी	ᱨᱮᱭᱟᱲ
बरसात	ᱫᱟᱜ ᱚᱠᱛᱚ
पृथ्वी	ᱫᱷᱩᱲᱤ
मिट्टी	ᱦᱟᱥᱟ
रेत	ᱜᱤᱛᱤᱞ
पत्थर	ᱫᱷᱤᱨᱤ
चट्टान	ᱫᱷᱤᱨᱤ
पहाड़	ᱵᱩᱨᱩ
घाटी	ᱜᱷᱟᱴᱤ
नदी	ᱜᱟᱰᱟ
झरना	झरना
तालाब	ᱯᱩᱠᱷᱨᱤ
झील	झील
समुद्र	ᱫᱚᱨᱭᱟ
लहर	ᱞᱮᱦᱚᱨ
जंगल	ᱵᱤᱨ
पेड़	ᱫᱟᱨᱮ
पौधा	ᱫᱟᱨᱮ
तना	ᱰᱟᱨ
शाखा	ᱰᱟᱨ
पत्ती	ᱥᱟᱠᱟᱢ
फूल	ᱵᱟᱦᱟ
कली	ᱠᱚᱲᱤ
फल	ᱡᱚ
बीज	ᱡᱟᱝ
जड़	ᱨᱮᱦᱮᱫ
घास	ᱜᱷᱟᱸᱥ
झाड़ी	ᱡᱷᱟᱲᱤ
खेती	ᱪᱟᱥ
फसल	ᱪᱟᱥ ᱡᱚ
अनाज	ᱪᱟᱣᱞᱮ
गेहूं	ᱜᱮᱦᱩᱝ
धान	ᱦᱩᱲᱩ
चावल	ᱪᱟᱣᱞᱮ
जीव	ᱡᱤᱣᱤ
जानवर	ᱡᱤᱣᱤ
पशु	ᱡᱤᱣᱤ
गाय	ᱜᱟᱹᱭ
बैल	ᱰᱟᱝᱜᱽᱨᱟ
भैंस	ᱵᱤᱴᱠᱤᱰ
बकरी	ᱢᱮᱨᱚᱢ
भेड़	ᱵᱷᱤᱰᱤ
घोड़ा	ᱥᱟᱫᱚᱢ
गधा	ᱜᱟᱫᱷᱟ
ऊंट	ᱩᱸᱴ
कुत्ता	ᱥᱮᱛᱟ
बिल्ली	ᱢᱮᱫ
चूहा	ᱪᱩᱴᱩ
खरगोश	ᱠᱩᱞᱟ
हाथी	ᱦᱟᱹᱛᱤ
शेर	ᱛᱟᱹᱨᱩᱵ
बाघ	ᱛᱟᱹᱨᱩᱵ
भालू	ᱵᱟᱱᱟ
हिरण	ᱡᱷᱟᱝᱠᱟᱨ
बंदर	ᱜᱟᱰᱤ
लोमड़ी	ᱛᱩᱭᱩ
भेड़िया	ᱵᱟᱱᱟ
सांप	ᱵᱤᱧ
मेढक	ᱨᱚᱴ
मछली	ᱦᱟᱠᱚ
कछुआ	ᱦᱚᱨᱚ
मगरमच्छ	ᱛᱟᱭᱟᱱ
पक्षी	ᱪᱮᱬᱮ
चिड़िया	ᱪᱮᱬᱮ
कौआ	ᱠᱟᱦᱩ
तोता	ᱢᱤᱨᱩ
मैना	ᱢᱟᱭᱱᱟ
कबूतर	ᱯᱚᱛᱟ
मोर	ᱢᱟᱨᱟ
हंस	ᱦᱟᱝᱥ
बत्तख	ᱜᱮᱰᱮ
मुर्गा	ᱥᱤᱢ
मुर्गी	ᱥᱤᱢ ᱮᱸᱜᱟ
चील	ᱠᱩᱨᱤ
उल्लू	ᱠᱩᱠᱩ
कीड़ा	ᱛᱤᱡᱩ
चींटी	ᱢᱩᱡ
मक्खी	ᱨᱚᱠ
मच्छर	ᱥᱤᱠᱨᱤ
तितली	ᱯᱤᱯᱤᱨᱤ
मधुमक्खी	ᱱᱩᱢ
मकड़ी	ᱵᱤᱱᱫᱤ
घोंसला	ᱛᱩᱠᱟ
अंडा	ᱵᱤᱞᱤ
भोजन	ᱡᱚᱢᱟᱜ
खाना	ᱡᱚᱢᱟᱜ
नाश्ता	ᱡᱚᱢᱟᱜ
लंच	ᱛᱤᱠᱤᱱ ᱡᱚᱢᱟᱜ
डिनर	ᱧᱤᱫᱟᱹ ᱡᱚᱢᱟᱜ
रोटी	ᱯᱤᱴᱷᱟᱹ
भात	ᱫᱟᱠᱟ
दाल	ᱫᱟᱞ
सब्जी	ᱩᱛᱩ
सलद	ᱥᱟᱞᱟᱫᱽ
पापड़	ᱯᱟᱯᱚᱲ
अचार	ᱟᱪᱟᱨ
चटनी	ᱪᱟᱴᱱᱤ
नमक	ᱵᱩᱞᱩᱝ
मिर्च	ᱢᱟᱨᱤᱪ
हल्दी	ᱥᱟᱥᱟᱝ
मसाला	ᱢᱟᱥᱟᱞᱟ
तेल	ᱥᱩᱱᱩᱢ
घी	ᱜᱷᱤ
दूध	ᱛᱳᱣᱟ
दही	ᱫᱚᱦᱤ
मक्खन	ᱢᱟᱠᱷᱚᱱ
पनीर	ᱯᱟᱱᱤᱨ
मिठाई	ᱦᱮᱲᱮᱢ
गुड़	ᱜᱩᱲ
चीनी	ᱪᱤᱱᱤ
शहद	ᱱᱩᱢ
चाय	ᱪᱟ
शरबत	ᱥᱚᱨᱵᱚᱛ
आम	ᱩᱞ
केला	ᱠᱟᱭᱨᱟ
सेब	ᱥᱮᱵᱽ
अंगूर	ᱟᱝᱜᱩᱨ
अमरूद	ᱟᱢᱨᱩᱫᱽ
संतरा	ᱥᱚᱱᱛᱚᱨᱟ
अनार	ᱟᱱᱟᱨ
पपीता	ᱯᱚᱯᱤᱛᱟ
सब्जियां	ᱩᱛᱩ
आलू	ᱟᱞᱩ
प्याज	ᱯᱭᱟᱡᱽ
टमाटर	ᱴᱚᱢᱟᱴᱚᱨ
बैंगन	ᱵᱮᱸᱜᱟᱲ
गोभी	ᱜᱳᱵᱷᱤ
गाजर	ᱜᱟᱡᱚᱨ
मटर	ᱢᱚᱴᱚᱨ
पालक	ᱯᱟᱞᱚᱠ
कद्दू	ᱠᱟᱠᱷᱟᱨᱩ
आना	ᱦᱤᱡᱩᱜ
जाना	ᱪᱟᱞᱟᱣ
प्रवेश करना	ᱵᱚᱞᱚᱱ
निकलना	ᱚᱰᱚᱠ
बैठना	ᱫᱩᱲᱩᱵ
खड़ा होना	ᱛᱤᱝᱜᱩᱱ
चलना	ᱪᱟᱞᱟᱣ
दौड़ना	ᱫᱟᱹᱲ
कूदना	ᱫᱚᱱ
रुकना	ᱛᱷᱤᱨ
सुनना	ᱟᱸᱡᱚᱢ
देखना	ᱧᱮᱞ
बोलना	ᱨᱚᱲ
चुप रहना	ᱛᱷᱤᱨ
पढ़ना	ᱯᱟᱲᱦᱟᱣ
लिखना	ᱚᱞ
सीखना	ᱪᱮᱫᱚᱜ
सिखाना	ᱪᱮᱫ
सोचना	ᱪᱤᱱᱛᱟᱹ
समझना	ᱵᱩᱡᱷᱟᱹᱣ
याद करना	ᱢᱩᱠᱷᱟᱹᱥᱛᱷ
भूलना	ᱦᱤᱲᱤᱧ
पूछना	ᱠᱩᱠᱞᱤ
बताना	ᱞᱟᱹᱭ
उत्तर देना	ᱞᱟᱹᱱᱟᱹᱭ ᱮᱢ
मापना	ᱡᱚᱠᱷᱟ
गिनना	ᱞᱮᱠᱷᱟ
जोड़ना	ᱡᱚᱲ
काटना	ᱜᱮᱫ
रंगना	ᱨᱚᱝ
बनाना	ᱵᱮᱱᱟᱣ
सजाना	ᱥᱟᱡᱟᱣ
झाड़ना	ᱯᱷᱟᱨᱪᱟ
धोना	ᱟᱹᱨᱩᱵ
साफ करना	ᱥᱟᱯᱷᱟ
खोलना	ᱡᱷᱤᱡᱽ
बंद करना	ᱵᱚᱸᱫᱽ
देना	ᱮᱢ
लेना	ᱦᱟᱛᱟᱣ
लाना	ᱟᱹᱜᱩ
रखना	ᱫᱚᱦᱚ
उठाना	ᱨᱟᱠᱟᱵ
गिराना	ᱧᱩᱨ
फेंकना	ᱪᱟᱯᱟᱫ
पकड़ना	ᱥᱟᱵ
खींचना	ᱚᱨ
धकेलना	ᱴᱮᱞᱟ
मदद करना	ᱜᱚᱲᱚ
प्रार्थना करना	ᱡᱚᱦᱟᱨ
नमस्ते करना	ᱡᱚᱦᱟᱨ
समय	ᱚᱠᱛᱚ
घड़ी	ᱜᱷᱟᱲᱤ
घंटा	ᱜᱷᱟᱱᱴᱟ
मिनट	ᱢᱤᱱᱤᱴ
दिन	ᱫᱤᱱ
रात	ᱧᱤᱫᱟᱹ
सुबह	ᱥᱮᱛᱟᱜ
दोपहर	ᱛᱤᱠᱤᱱ
शाम	ᱟᱹᱭᱩᱵ
आज	ᱛᱮᱦᱮᱧ
कल	ᱜᱟᱯᱟ
परसों	ᱢᱮᱭᱟᱢ
सप्ताह	ᱦᱟᱯᱛᱟ
महीना	ᱪᱟᱸᱫᱚ
साल	ᱥᱮᱨᱢᱟ
सोमवार	ᱚᱛᱮ ᱢᱟᱦᱟ
मंगलवार	ᱵᱟᱞᱮ ᱢᱟᱦᱟ
बुधवार	ᱥᱟᱹᱜᱩᱱ ᱢᱟᱦᱟ
गुरुवार	ᱥᱟᱹᱨᱫᱤ ᱢᱟᱦᱟ
शुक्रवार	ᱡᱟᱹᱨᱩᱢ ᱢᱟᱦᱟ
शनिवार	ᱧᱩᱦᱩᱢ ᱢᱟᱦᱟ
रविवार	ᱥᱤᱝᱜᱤ ᱢᱟᱦᱟ
छुट्टी	ᱪᱷᱩᱴᱤ
उपस्थिति	ᱦᱟᱡᱤᱨ
अनुपस्थिति	ᱵᱟᱹᱱᱩᱜ
सच्चाई	ᱥᱟᱹᱨᱤ
ईमानदारी	ᱥᱟᱹᱨᱤᱭᱟᱹᱛ
दया	ᱫᱟᱭᱟ
शांति	ᱛᱷᱤᱨ
एकता	ᱢᱤᱫᱩᱛᱟ
प्रेम	ᱫᱩᱞᱟᱹᱲ
खुशी	ᱨᱟᱹᱥᱠᱟᱹ
हंसी	ᱞᱟᱱᱫᱟ
दुख	ᱵᱷᱟᱵᱱᱟ
क्रोध	ᱨᱟᱝᱜᱟᱣ
डर	ᱵᱚᱛᱚᱨ
साहस	ᱥᱟᱦᱟᱥ
मेहनत	ᱠᱩᱨᱩᱢᱩᱴᱩ
सफलता	ᱡᱤᱛᱠᱟᱹᱨ
अच्छा	ᱵᱮᱥ
बुरा	ᱵᱟᱹᱲᱤᱡ
सही	ᱥᱚᱡᱷ
गलत	ᱵᱷᱩᱞ
नया	ᱱᱚᱣᱟ
पुराना	ᱢᱟᱨᱮ
सरल	ᱟᱞᱜᱟ
कठिन	ᱟᱸᱴ
शिक्षा	ᱥᱮᱪᱮᱫ
सपना	ᱠᱩᱠᱢᱩ
भारत	ᱵᱷᱟᱨᱚᱛ
झारखंड	ᱡᱷᱟᱨᱠᱷᱚᱸᱰ
संथाल	ᱥᱟᱱᱛᱟᱲ
प्राथमिक शब्द 1	ᱥᱮᱪᱮᱫ ᱟᱲᱟᱝ ᱑
प्राथमिक शब्द 2	ᱥᱮᱪᱮᱫ ᱟᱲᱟᱝ ᱒
प्राथमिक शब्द 3	ᱥᱮᱪᱮᱫ ᱟᱲᱟᱝ ᱓
