hindi	santali_olchiki
बैठो	ᱫᱩᱲᱩᱵᱽ ᱢᱮ
बैठिए	ᱫᱩᱲᱩᱵᱽ ᱵᱤᱱ
सब बैठ जाओ	ᱡᱚᱛᱚ ᱦᱚᱲ ᱫᱩᱲᱩᱵᱽ ᱯᱮ
खड़े हो जाओ	ᱛᱤᱸᱜᱩᱱ ᱢᱮ
सब खड़े हो जाओ	ᱡᱚᱛᱚ ᱦᱚᱲ ᱛᱤᱸᱜᱩᱱ ᱯᱮ
सुनो	ᱟᱧᱡᱚᱢ ᱢᱮ
सब सुनो	ᱟᱧᱡᱚᱢ ᱯᱮ
ध्यान से सुनो	ᱢᱚᱱ ᱮᱢ ᱠᱟᱛᱮ ᱟᱧᱡᱚᱢ ᱢᱮ
मेरी बात सुनो	ᱤᱧᱟᱜ ᱠᱟᱛᱷᱟ ᱟᱧᱡᱚᱢ ᱢᱮ
पढ़ो	ᱯᱟᱲᱦᱟᱣ ᱢᱮ
सब पढ़ो	ᱯᱟᱲᱦᱟᱣ ᱯᱮ
ज़ोर से पढ़ो	ᱟᱲᱟᱝ ᱛᱮ ᱯᱟᱲᱦᱟᱣ ᱢᱮ
मन में पढ़ो	ᱢᱚᱱᱮ ᱛᱮ ᱯᱟᱲᱦᱟᱣ ᱢᱮ
लिखो	ᱚᱞ ᱢᱮ
सब लिखो	ᱚᱞ ᱯᱮ
साफ-साफ लिखो	ᱥᱟᱯᱷᱟ-ᱥᱟᱯᱷᱟ ᱚᱞ ᱢᱮ
सुंदर लिखावट में लिखो	ᱪᱚᱨᱚᱠ ᱛᱮ ᱚᱞ ᱢᱮ
देखो	ᱧᱮᱞ ᱢᱮ
सब देखो	ᱧᱮᱞ ᱯᱮ
यहाँ देखो	ᱱᱚᱰᱮ ᱧᱮᱞ ᱢᱮ
वहाँ देखो	ᱦᱟᱸᱰᱮ ᱧᱮᱞ ᱢᱮ
श्यामपट्ट पर देखो	ᱦᱮᱸᱫᱮ ᱯᱟᱴᱟ ᱨᱮ ᱧᱮᱞ ᱢᱮ
किताब में देखो	ᱯᱩᱛᱷᱤ ᱨᱮ ᱧᱮᱞ ᱢᱮ
चित्र को देखो	ᱪᱤᱛᱟᱹᱨ ᱧᱮᱞ ᱢᱮ
दोहराओ	ᱫᱚᱦᱲᱟᱭ ᱢᱮ
मेरे पीछे दोहराओ	ᱤᱧ ᱛᱟᱭᱚᱢ ᱛᱮ ᱫᱚᱦᱲᱟᱭ ᱯᱮ
एक बार फिर कहो	ᱟᱨ ᱢᱤᱫ ᱫᱷᱟᱣ ᱢᱮᱱ ᱢᱮ
हाथ उठाओ	ᱛᱤ ᱛᱩᱞ ᱢᱮ
सब हाथ उठाओ	ᱡᱚᱛᱚ ᱦᱚᱲ ᱛᱤ ᱛᱩᱞ ᱯᱮ
हाथ नीचे करो	ᱛᱤ ᱟᱬᱜᱚᱭ ᱢᱮ
अपनी किताब खोलो	ᱟᱢᱟᱜ ᱯᱩᱛᱷᱤ ᱡᱷᱤᱡ ᱢᱮ
सब अपनी किताबें खोलो	ᱡᱚᱛᱚ ᱦᱚᱲ ᱟᱯᱱᱟᱨᱟᱜ ᱯᱩᱛᱷᱤ ᱡᱷᱤᱡ ᱯᱮ
किताब बंद करो	ᱯᱩᱛᱷᱤ ᱵᱚᱸᱫᱽ ᱢᱮ
सब अपनी किताबें बंद करो	ᱡᱚᱛᱚ ᱦᱚᱲ ᱟᱯᱱᱟᱨᱟᱜ ᱯᱩᱛᱷᱤ ᱵᱚᱸᱫᱽ ᱯᱮ
यहाँ आओ	ᱱᱚᱰᱮ ᱦᱤᱡᱩᱜ ᱢᱮ
आगे आओ	ᱞᱟᱦᱟ ᱛᱮ ᱦᱤᱡᱩᱜ ᱢᱮ
अपनी जगह पर जाओ	ᱟᱢᱟᱜ ᱴᱷᱟᱶ ᱛᱮ ᱥᱮᱱᱚᱜ ᱢᱮ
बाहर जाओ	ᱵᱟᱦᱨᱮ ᱥᱮᱱᱚᱜ ᱢᱮ
अंदर आओ	ᱵᱷᱤᱛᱨᱤ ᱦᱤᱡᱩᱜ ᱢᱮ
शांत रहो	ᱛᱷᱤᱨ ᱛᱟᱦᱮᱸᱱ ᱢᱮ
सब शांत रहो	ᱡᱚᱛᱚ ᱦᱚᱲ ᱛᱷᱤᱨ ᱛᱟᱦᱮᱸᱱ ᱯᱮ
शोर मत करो	ᱦᱩᱞᱪᱩᱞ ᱟᱞᱚᱯᱮ ᱠᱚᱨᱟᱣᱟ
जल्दी करो	ᱞᱚᱜᱚᱱᱚᱜ ᱢᱮ
सब जल्दी करो	ᱡᱚᱛᱚ ᱦᱚᱲ ᱞᱚᱜᱚᱱᱚᱜ ᱯᱮ
रुक जाओ	ᱛᱤᱸᱜᱩᱱ ᱢᱮ
सब रुक जाओ	ᱛᱤᱸᱜᱩᱱ ᱯᱮ
लाइन बनाओ	ᱞᱟᱭᱤᱱ ᱵᱮᱱᱟᱣ ᱯᱮ
सीधी रेखा में खड़े हो जाओ	ᱥᱚᱡᱷᱮ ᱛᱮ ᱛᱤᱸᱜᱩᱱ ᱯᱮ
धक्का मत दो	ᱟᱞᱚᱯᱮ ᱫᱷᱟᱠᱟᱭᱟ
अपनी बारी का इंतज़ार करो	ᱟᱢᱟᱜ ᱯᱟᱞᱟ ᱛᱟᱺᱜᱤᱭ ᱢᱮ
पेज पलटो	ᱥᱟᱠᱟᱢ ᱯᱟᱞᱴᱟᱣ ᱢᱮ
पेज नंबर दस निकालो	ᱥᱟᱠᱟᱢ ᱮᱞ ᱜᱮᱞ ᱚᱰᱚᱠ ᱢᱮ
पेंसिल छीलो	ᱯᱮᱱᱥᱤᱞ ᱪᱷᱤᱞᱟᱹᱣ ᱢᱮ
पेंसिल पकड़ो	ᱯᱮᱱᱥᱤᱞ ᱥᱟᱵᱽ ᱢᱮ
कॉपी खोलो	ᱠᱷᱟᱛᱟ ᱡᱷᱤᱡ ᱢᱮ
कॉपी बंद करो	ᱠᱷᱟᱛᱟ ᱵᱚᱸᱫᱽ ᱢᱮ
कॉपी जमा करो	ᱠᱷᱟᱛᱟ ᱡᱚᱢᱟᱭ ᱯᱮ
गृहकार्य दिखाओ	ᱚᱲᱟᱜ ᱠᱟᱹᱢᱤ ᱩᱫᱩᱜ ᱢᱮ
बैग में रखो	ᱵᱮᱜᱽ ᱨᱮ ᱫᱚᱦᱚᱭ ᱢᱮ
बैग से निकालो	ᱵᱮᱜᱽ ᱠᱷᱚᱱ ᱚᱰᱚᱠ ᱢᱮ
दरवाज़ा खोलो	ᱫᱩᱣᱟᱹᱨ ᱡᱷᱤᱡ ᱢᱮ
दरवाज़ा बंद करो	ᱫᱩᱣᱟᱹᱨ ᱵᱚᱸᱫᱽ ᱢᱮ
खिड़की खोलो	ᱡᱷᱚᱨᱠᱷᱟ ᱡᱷᱤᱡ ᱢᱮ
खिड़की बंद करो	ᱡᱷᱚᱨᱠᱷᱟ ᱵᱚᱸᱫᱽ ᱢᱮ
पंखा चालू करो	ᱯᱷᱮᱱ ᱪᱟᱹᱞᱩᱭ ᱢᱮ
पंखा बंद करो	ᱯᱷᱮᱱ ᱵᱚᱸᱫᱽ ᱢᱮ
बत्ती जलाओ	ᱵᱟᱹᱛᱤ ᱡᱩᱞ ᱢᱮ
बत्ती बुझाओ	ᱵᱟᱹᱛᱤ ᱤᱬᱤᱡ ᱢᱮ
कक्षा साफ करो	ᱠᱞᱟᱥ ᱨᱩᱢ ᱥᱟᱯᱷᱟᱭ ᱢᱮ
कचरा कूड़ेदान में डालो	ᱢᱟᱹᱭᱞᱟᱹ ᱡᱟᱵᱽᱨᱟ ᱴᱤᱱ ᱨᱮ ᱜᱤᱰᱤ ᱢᱮ
कागज़ मत फाड़ो	ᱠᱟᱜᱚᱡᱽ ᱟᱞᱚᱢ ᱪᱤᱨᱟᱹᱣᱟ
दीवार पर मत लिखो	ᱵᱷᱤᱛ ᱨᱮ ᱟᱞᱚᱢ ᱚᱞᱟ
मेज पर मत चढ़ो	ᱴᱮᱵᱩᱞ ᱨᱮ ᱟᱞᱚᱢ ᱫᱮᱡᱚᱜᱼᱟ
सीधे बैठो	ᱥᱚᱡᱷᱮ ᱫᱩᱲᱩᱵᱽ ᱢᱮ
हाथ बाँधकर बैठो	ᱛᱤ ᱡᱚᱲᱟᱣ ᱠᱟᱛᱮ ᱫᱩᱲᱩᱵᱽ ᱢᱮ
सिर नीचे करो	ᱵᱚᱦᱚᱜ ᱟᱬᱜᱚᱭ ᱢᱮ
सिर ऊपर उठाओ	ᱵᱚᱦᱚᱜ ᱪᱮᱛᱟᱱ ᱛᱩᱞ ᱢᱮ
मुस्कुराओ	ᱞᱟᱸᱫᱟᱭ ᱢᱮ
ताली बजाओ	ᱛᱟᱲᱤ ᱛᱷᱟᱭᱚᱭ ᱢᱮ
सब ताली बजाओ	ᱡᱚᱛᱚ ᱦᱚᱲ ᱛᱟᱲᱤ ᱛᱷᱟᱭᱚ ᱯᱮ
कूदना बंद करो	ᱫᱚᱱ ᱵᱚᱸᱫᱽ ᱢᱮ
भागो मत	ᱟᱞᱚᱢ ᱫᱟᱹᱲᱟ
धीरे चलो	ᱵᱷᱮᱫᱟ-ᱵᱷᱮᱫᱟ ᱛᱟᱲᱟᱢ ᱢᱮ
कतार में चलो	ᱞᱟᱭᱤᱱ ᱛᱮ ᱛᱟᱲᱟᱢ ᱯᱮ
हाथ धोकर आओ	ᱛᱤ ᱟᱹᱨᱩᱵ ᱠᱟᱛᱮ ᱦᱤᱡᱩᱜ ᱢᱮ
पानी पी लो	ᱫᱟᱜ ᱧᱩᱭ ᱢᱮ
खाना खाओ	ᱫᱟᱠᱟ ᱡᱚᱢ ᱢᱮ
मुँह बंद रखो	ᱢᱚᱪᱟ ᱛᱷᱤᱨ ᱫᱚᱦᱚᱭ ᱢᱮ
आपस में बात मत करो	ᱟᱯᱱᱟᱨ ᱛᱟᱞᱟ ᱨᱮ ᱟᱞᱚᱯᱮ ᱨᱚᱯᱚᱲᱟ
ध्यान यहाँ दो	ᱢᱚᱱ ᱱᱚᱰᱮ ᱮᱢ ᱢᱮ
बोर्ड साफ करो	ᱵᱳᱨᱰ ᱥᱟᱯᱷᱟᱭ ᱢᱮ
चाक दो	ᱪᱚᱠ ᱮᱢᱟᱹᱧ ᱢᱮ
डस्टर लाओ	ᱰᱟᱥᱴᱟᱨ ᱟᱹᱜᱩᱭ ᱢᱮ
यह सवाल हल करो	ᱱᱚᱣᱟ ᱠᱩᱠᱞᱤ ᱥᱚᱞᱦᱮ ᱢᱮ
उत्तर बताओ	ᱛᱮᱞᱟ ᱞᱟᱹᱭ ᱢᱮ
सही उत्तर चुनो	ᱥᱟᱹᱨᱤ ᱛᱮᱞᱟ ᱵᱟᱪᱷᱟᱣ ᱢᱮ
गलती सुधारो	ᱵᱷᱩᱞ ᱥᱩᱫᱷᱨᱟᱹᱣ ᱢᱮ
जोड़ी बनाओ	ᱡᱳᱲᱟ ᱵᱮᱱᱟᱣ ᱢᱮ
समूह में बैठो	ᱜᱟᱫᱮᱞ ᱨᱮ ᱫᱩᱲᱩᱵᱽ ᱯᱮ
बारी-बारी से बोलो	ᱯᱟᱞᱟ-ᱯᱟᱞᱤ ᱛᱮ ᱨᱚᱲ ᱯᱮ
सावधानी से काम करो	ᱦᱩᱥᱤᱭᱟᱹᱨ ᱛᱮ ᱠᱟᱹᱢᱤ ᱢᱮ
रंग भरो	ᱨᱚᱝ ᱯᱮᱨᱮᱡᱽ ᱢᱮ
चित्र बनाओ	ᱪᱤᱛᱟᱹᱨ ᱵᱮᱱᱟᱣ ᱢᱮ
काट कर चिपकाओ	ᱜᱮᱫ ᱠᱟᱛᱮ ᱞᱟᱴᱷᱟᱭ ᱢᱮ
कागज़ मोड़ो	ᱠᱟᱜᱚᱡᱽ ᱯᱮᱴᱮᱡ ᱢᱮ
गिनती गिनो	ᱞᱮᱠᱷᱟ ᱞᱮᱠᱷᱟᱭ ᱢᱮ
पहाड़ा सुनाओ	ᱯᱟᱦᱟᱲᱟ ᱟᱧᱡᱚᱢ ᱢᱮ
कविता सुनाओ	ᱚᱱᱚᱬᱦᱮ ᱟᱧᱡᱚᱢ ᱢᱮ
कहानी सुनाओ	ᱠᱟᱹᱦᱱᱤ ᱞᱟᱹᱭ ᱢᱮ
स्पष्ट बोलो	ᱥᱟᱯᱷᱟ ᱨᱚᱲ ᱢᱮ
धीमी आवाज़ में बोलो	ᱠᱚᱢ ᱟᱲᱟᱝ ᱛᱮ ᱨᱚᱲ ᱢᱮ
खड़े होकर बोलो	ᱛᱤᱸᱜᱩ ᱠᱟᱛᱮ ᱨᱚᱲ ᱢᱮ
हाथ मिलाओ	ᱛᱤ ᱡᱚᱲᱟᱣ ᱢᱮ
नमस्ते करो	ᱡᱚᱦᱟᱨ ᱢᱮ
धन्यवाद बोलो	ᱥᱟᱨᱦᱟᱣ ᱢᱮᱱ ᱢᱮ
माफी माँगो	ᱤᱠᱟᱹ ᱠᱷᱚᱡᱽ ᱢᱮ
मदद करो	ᱜᱚᱲᱚ ᱮᱢ ᱢᱮ
साझा करो	ᱦᱟᱹᱴᱤᱧ ᱢᱮ
ईमानदार बनो	ᱥᱟᱹᱨᱤᱭᱟᱹᱱ ᱦᱩᱭᱩᱜ ᱢᱮ
झूठ मत बोलो	ᱮᱲᱮ ᱠᱟᱛᱷᱟ ᱟᱞᱚᱢ ᱢᱮᱱᱟ
झगड़ा मत करो	ᱟᱞᱚᱯᱮ ᱠᱷᱟᱹᱯᱟᱹᱨᱤᱭᱟᱹᱜᱼᱟ
दोस्त बनो	ᱜᱟᱛᱮ ᱵᱮᱱᱟᱣᱜ ᱢᱮ
एक साथ गाओ	ᱢᱤᱫ ᱛᱮ ᱥᱮᱨᱮᱧ ᱯᱮ
प्रार्थना करो	ᱵᱤᱱᱛᱤ ᱢᱮ
आँखें बंद करो	ᱢᱮᱫ ᱠᱩᱸᱵᱽᱲᱩᱭ ᱢᱮ
आँखें खोलो	ᱢᱮᱫ ᱡᱷᱤᱡ ᱢᱮ
गहरी साँस लो	ᱢᱟᱨᱟᱝ ᱥᱟᱦᱮᱫ ᱦᱟᱛᱟᱣ ᱢᱮ
कसरत करो	ᱵᱮᱭᱟᱢ ᱢᱮ
हाथ ऊपर करो	ᱛᱤ ᱪᱮᱛᱟᱱ ᱛᱩᱞ ᱢᱮ
हाथ सामने करो	ᱛᱤ ᱞᱟᱦᱟ ᱥᱮᱫ ᱢᱮ
दाएँ मुड़ो	ᱡᱚᱡᱚᱢ ᱥᱮᱫ ᱟᱹᱪᱩᱨᱚᱜ ᱢᱮ
बाएँ मुड़ो	ᱞᱮᱸᱜᱟ ᱥᱮᱫ ᱟᱹᱪᱩᱨᱚᱜ ᱢᱮ
पीछे मुड़ो	ᱛᱟᱭᱚᱢ ᱥᱮᱫ ᱟᱹᱪᱩᱨᱚᱜ ᱢᱮ
कदम ताल करो	ᱛᱟᱲᱟᱢ ᱛᱟᱞ ᱢᱮ
विश्राम करो	ᱡᱤᱨᱟᱹᱣᱜ ᱢᱮ
सावधान रहो	ᱦᱩᱥᱤᱭᱟᱹᱨ ᱛᱟᱦᱮᱸᱱ ᱢᱮ
घंटी बज गई	ᱜᱷᱟᱹᱱᱴᱤ ᱥᱟᱰᱮᱭᱮᱱᱟ
छुट्टी हो गई	ᱪᱷᱩᱴᱤ ᱮᱱᱟ
घर जाओ	ᱚᱲᱟᱜ ᱥᱮᱱᱚᱜ ᱢᱮ
कल समय पर आना	ᱜᱟᱯᱟ ᱚᱠᱛᱚ ᱨᱮ ᱦᱤᱡᱩᱜ ᱢᱮ
देर से मत आना	ᱵᱤᱞᱚᱢ ᱠᱟᱛᱮ ᱟᱞᱚᱢ ᱦᱤᱡᱩᱜᱼᱟ
पोशाक पहन कर आना	ᱤᱥᱠᱩᱞ ᱯᱚᱥᱟᱠ ᱦᱚᱨᱚᱜ ᱠᱟᱛᱮ ᱦᱤᱡᱩᱜ ᱢᱮ
नाखून काटो	ᱨᱟᱢᱟ ᱜᱮᱫ ᱢᱮ
बाल बनाओ	ᱩᱵ ᱱᱟᱠᱤᱡ ᱢᱮ
जूते पहनो	ᱡᱩᱛᱟᱹ ᱦᱚᱨᱚᱜ ᱢᱮ
जूते उतारो	ᱡᱩᱛᱟᱹ ᱛᱩᱫ ᱢᱮ
हाथ पोछो	ᱛᱤ ᱡᱚᱫ ᱢᱮ
थाल धो लो	ᱛᱷᱟᱹᱨᱤ ᱟᱹᱨᱩᱵ ᱢᱮ
खाना बर्बाद मत करो	ᱫᱟᱠᱟ ᱟᱞᱚᱢ ᱵᱟᱹᱲᱤᱡᱟ
कक्षा में दौड़ना मना है	ᱠᱞᱟᱥ ᱨᱩᱢ ᱨᱮ ᱫᱟᱹᱲ ᱢᱟᱱᱟ ᱜᱮᱭᱟ
हाथ नीचे रखिए	ᱛᱤ ᱟᱬᱜᱚᱭ ᱵᱤᱱ
दो कदम आगे बढ़ो	ᱵᱟᱨ ᱛᱟᱲᱟᱢ ᱞᱟᱦᱟᱜ ᱢᱮ
दो कदम पीछे हटो	ᱵᱟᱨ ᱛᱟᱲᱟᱢ ᱛᱟᱭᱚᱢᱚᱜ ᱢᱮ
चुपचाप सुनो	ᱛᱷᱤᱨ ᱠᱟᱛᱮ ᱟᱧᱡᱚᱢ ᱢᱮ
यहाँ बैठो	ᱱᱚᱰᱮ ᱫᱩᱲᱩᱵᱽ ᱢᱮ
वहाँ बैठो	ᱦᱟᱸᱰᱮ ᱫᱩᱲᱩᱵᱽ ᱢᱮ
पंक्ति में खड़े रहो	ᱞᱟᱭᱤᱱ ᱨᱮ ᱛᱤᱸᱜᱩ ᱛᱟᱦᱮᱸᱱ ᱯᱮ
कक्षा से बाहर मत निकलो	ᱠᱞᱟᱥ ᱠᱷᱚᱱ ᱵᱟᱦᱨᱮ ᱟᱞᱚᱢ ᱚᱰᱚᱠᱚᱜᱼᱟ
अपनी जगह पर बैठो	ᱟᱢᱟᱜ ᱴᱷᱟᱶ ᱨᱮ ᱫᱩᱲᱩᱵᱽ ᱢᱮ
सब अपनी जगह पर बैठो	ᱡᱚᱛᱚ ᱦᱚᱲ ᱟᱯᱱᱟᱨᱟᱜ ᱴᱷᱟᱶ ᱨᱮ ᱫᱩᱲᱩᱵᱽ ᱯᱮ
हाथ आगे बढ़ाओ	ᱛᱤ ᱞᱟᱦᱟᱭ ᱢᱮ
किताब संभाल कर रखो	ᱯᱩᱛᱷᱤ ᱡᱚᱛᱚᱱ ᱠᱟᱛᱮ ᱫᱚᱦᱚᱭ ᱢᱮ
पेंसिल संदूक में रखो	ᱯᱮᱱᱥᱤᱞ ᱵᱟᱠᱥᱟ ᱨᱮ ᱫᱚᱦᱚᱭ ᱢᱮ
कागज़ मत फेको	ᱠᱟᱜᱚᱡᱽ ᱟᱞᱚᱢ ᱜᱤᱰᱤᱭᱟ
दीवार मत छुओ	ᱵᱷᱤᱛ ᱟᱞᱚᱢ ᱡᱚᱴᱮᱫᱟ
साफ पानी पियो	ᱥᱟᱯᱷᱟ ᱫᱟᱜ ᱧᱩᱭ ᱢᱮ
बोतल बंद करो	ᱵᱚᱛᱚᱞ ᱵᱚᱸᱫᱽ ᱢᱮ
घंटी बजने पर बाहर जाओ	ᱜᱷᱟᱹᱱᱴᱤ ᱥᱟᱰᱮ ᱞᱮᱱᱠᱷᱟᱱ ᱵᱟᱦᱨᱮ ᱥᱮᱱᱚᱜ ᱯᱮ
कक्षा में शांति बनाए रखो	ᱠᱞᱟᱥ ᱨᱮ ᱥᱟᱱᱛᱤ ᱫᱚᱦᱚᱭ ᱯᱮ
समय पर गृहकार्य पूरा करो	ᱚᱠᱛᱚ ᱨᱮ ᱚᱲᱟᱜ ᱠᱟᱹᱢᱤ ᱯᱩᱨᱟᱹᱣ ᱢᱮ
पाठ ध्यान से पढ़ो	ᱯᱟᱴᱷ ᱢᱚᱱ ᱮᱢ ᱠᱟᱛᱮ ᱯᱟᱲᱦᱟᱣ ᱢᱮ
एक दूसरे की मदद करो	ᱢᱤᱫᱼᱟᱨᱢᱤᱫ ᱜᱚᱲᱚ-ᱜᱚᱯᱚᱲᱚᱜ ᱯᱮ
हाथ जोड़कर नमस्ते करो	ᱛᱤ ᱡᱚᱲᱟᱣ ᱠᱟᱛᱮ ᱡᱚᱦᱟᱨ ᱢᱮ
कक्षा में प्रवेश करो	ᱠᱞᱟᱥ ᱨᱮ ᱵᱚᱞᱚᱱ ᱢᱮ
कक्षा से बाहर जाओ	ᱠᱞᱟᱥ ᱠᱷᱚᱱ ᱵᱟᱦᱨᱮ ᱥᱮᱱᱚᱜ ᱢᱮ
बोर्ड की ओर देखो	ᱵᱳᱨᱰ ᱥᱮᱫ ᱧᱮᱞ ᱢᱮ
सीधी कतार में चलो	ᱥᱚᱡᱷᱮ ᱞᱟᱭᱤᱱ ᱛᱮ ᱛᱟᱲᱟᱢ ᱯᱮ
कक्षा में अनुशासन रखो	ᱠᱞᱟᱥ ᱨᱮ ᱱᱤᱭᱚᱢ ᱢᱟᱱᱟᱣ ᱯᱮ
पुस्तक खोलो	ᱯᱩᱛᱷᱤ ᱡᱷᱤᱡ ᱢᱮ
पुस्तक बंद करो	ᱯᱩᱛᱷᱤ ᱵᱚᱸᱫᱽ ᱢᱮ
उत्तर पुस्तिका जमा करो	ᱛᱮᱞᱟ ᱠᱷᱟᱛᱟ ᱡᱚᱢᱟᱭ ᱢᱮ
प्रश्न पत्र पढ़ो	ᱠᱩᱠᱞᱤ ᱥᱟᱠᱟᱢ ᱯᱟᱲᱦᱟᱣ ᱢᱮ
घंटी का इंतज़ार करो	ᱜᱷᱟᱹᱱᱴᱤ ᱛᱟᱺᱜᱤᱭ ᱢᱮ
हाथ नीचे रखो	ᱛᱤ ᱞᱟᱛᱟᱨ ᱫᱚᱦᱚᱭ ᱢᱮ
हाथ ऊपर रखो	ᱛᱤ ᱪᱮᱛᱟᱱ ᱫᱚᱦᱚᱭ ᱢᱮ
एक-एक करके आओ	ᱢᱤᱫ-ᱢᱤᱫ ᱛᱮ ᱦᱤᱡᱩᱜ ᱯᱮ
एक-एक करके बोलो	ᱢᱤᱫ-ᱢᱤᱫ ᱛᱮ ᱨᱚᱲ ᱯᱮ
सब मिलकर बोलो	ᱡᱚᱛᱚ ᱢᱮᱥᱟ ᱠᱟᱛᱮ ᱨᱚᱲ ᱯᱮ
सब मिलकर गाओ	ᱡᱚᱛᱚ ᱢᱮᱥᱟ ᱠᱟᱛᱮ ᱥᱮᱨᱮᱧ ᱯᱮ
कक्षा में गंदगी मत फैलाओ	ᱠᱞᱟᱥ ᱨᱮ ᱢᱟᱹᱭᱞᱟᱹ ᱟᱞᱚᱯᱮ ᱯᱟᱥᱱᱟᱣᱟ
अपनी कलम उठाओ	ᱟᱢᱟᱜ ᱠᱚᱞᱚᱢ ᱛᱩᱞ ᱢᱮ
अपनी पेंसिल उठाओ	ᱟᱢᱟᱜ ᱯᱮᱱᱥᱤᱞ ᱛᱩᱞ ᱢᱮ
रबर से मिटाओ	ᱨᱟᱵᱟᱨ ᱛᱮ ᱢᱮᱴᱟᱣ ᱢᱮ
पटरी से रेखा खींचो	ᱥᱠᱮᱞ ᱛᱮ ᱜᱟᱨ ᱴᱟᱱᱟᱣ ᱢᱮ
सही स्थान पर बैठो	ᱥᱟᱹᱨᱤ ᱴᱷᱟᱶ ᱨᱮ ᱫᱩᱲᱩᱵᱽ ᱢᱮ
कक्षा में ध्यान लगाओ	ᱠᱞᱟᱥ ᱨᱮ ᱢᱚᱱ ᱞᱟᱜᱟᱣ ᱢᱮ
गृहकार्य रोज़ करो	ᱚᱲᱟᱜ ᱠᱟᱹᱢᱤ ᱫᱤᱱᱟᱹᱢ ᱠᱚᱨᱟᱣ ᱢᱮ
पाठ याद करो	ᱯᱟᱴᱷ ᱩᱭᱦᱟᱹᱨ ᱫᱚᱦᱚᱭ ᱢᱮ
सब मिलकर दोहराओ	ᱡᱚᱛᱚ ᱢᱮᱥᱟ ᱠᱟᱛᱮ ᱫᱚᱦᱲᱟᱭ ᱯᱮ
अपनी बारी पर बोलो	ᱟᱢᱟᱜ ᱯᱟᱞᱟ ᱨᱮ ᱨᱚᱲ ᱢᱮ
क्या तुम्हें समझ आया?	ᱪᱮᱫ ᱟᱢ ᱮᱢ ᱵᱩᱡᱷᱟᱹᱣ ᱠᱮᱫᱼᱟ?
हाँ, मुझे समझ आ गया	ᱦᱮᱸ, ᱤᱧ ᱤᱧ ᱵᱩᱡᱷᱟᱹᱣ ᱠᱮᱫᱼᱟ
नहीं, मुझे समझ नहीं आया	ᱵᱟᱝ, ᱤᱧ ᱵᱟᱹᱧ ᱵᱩᱡᱷᱟᱹᱣ ᱞᱮᱫᱼᱟ
मुझे एक सवाल पूछना है	ᱤᱧ ᱢᱤᱫᱴᱟᱝ ᱠᱩᱠᱞᱤ ᱠᱩᱞᱤ ᱥᱟᱱᱟᱹᱧ ᱠᱟᱱᱟ
पूछो, क्या पूछना है?	ᱠᱩᱞᱤᱭ ᱢᱮ, ᱪᱮᱫ ᱮᱢ ᱠᱩᱞᱤᱭᱟ?
क्या मैं अंदर आ सकता हूँ?	ᱪᱮᱫ ᱤᱧ ᱵᱷᱤᱛᱨᱤ ᱵᱚᱞᱚ ᱫᱟᱲᱮᱭᱟᱜᱼᱟᱹᱧ?
हाँ, अंदर आओ	ᱦᱮᱸ, ᱵᱷᱤᱛᱨᱤ ᱦᱤᱡᱩᱜ ᱢᱮ
क्या मैं बाहर जा सकता हूँ?	ᱪᱮᱫ ᱤᱧ ᱵᱟᱦᱨᱮ ᱥᱮᱱ ᱫᱟᱲᱮᱭᱟᱜᱼᱟᱹᱧ?
क्या मैं पानी पीने जा सकता हूँ?	ᱪᱮᱫ ᱤᱧ ᱫᱟᱜ ᱧᱩ ᱥᱮᱱ ᱫᱟᱲᱮᱭᱟᱜᱼᱟᱹᱧ?
हाँ, पानी पी आओ	ᱦᱮᱸ, ᱫᱟᱜ ᱧᱩ ᱦᱤᱡᱩᱜ ᱢᱮ
क्या मैं शौचालय जा सकता हूँ?	ᱪᱮᱫ ᱤᱧ ᱯᱟᱭᱠᱷᱟᱱᱟ ᱥᱮᱱ ᱫᱟᱲᱮᱭᱟᱜᱼᱟᱹᱧ?
हाँ, जाओ	ᱦᱮᱸ, ᱥᱮᱱᱚᱜ ᱢᱮ
आज कौन अनुपस्थित है?	ᱛᱮᱦᱮᱧ ᱚᱠᱚᱭ ᱵᱟᱭ ᱦᱮᱡ ᱟᱠᱟᱱᱟ?
आज सब उपस्थित हैं	ᱛᱮᱦᱮᱧ ᱡᱚᱛᱚ ᱦᱚᱲ ᱠᱚ ᱦᱮᱡ ᱟᱠᱟᱱᱟ
तुम कल क्यों नहीं आए थे?	ᱟᱢ ᱜᱟᱯᱟ ᱢᱟᱦᱟᱸᱫᱮᱨ ᱪᱮᱫᱟᱜ ᱵᱟᱢ ᱦᱮᱡ ᱞᱮᱱᱟ?
मेरी तबियत खराब थी	ᱤᱧᱟᱜ ᱦᱚᱲᱢᱚ ᱵᱟᱹᱲᱤᱡ ᱛᱟᱦᱮᱸ ᱠᱟᱱᱟ
मुझे बुखार था	ᱤᱧ ᱨᱩᱣᱟᱹ ᱧᱟᱢ ᱞᱤᱫᱤᱧᱟ
क्या सबने गृहकार्य कर लिया?	ᱪᱮᱫ ᱡᱚᱛᱚ ᱦᱚᱲ ᱚᱲᱟᱜ ᱠᱟᱹᱢᱤ ᱯᱮ ᱠᱚᱨᱟᱣ ᱠᱮᱫᱼᱟ?
हाँ गुरुजी, मैंने कर लिया	ᱦᱮᱸ ᱜᱩᱨᱩᱡᱤ, ᱤᱧ ᱤᱧ ᱠᱚᱨᱟᱣ ᱠᱮᱫᱼᱟ
नहीं, मैं भूल गया	ᱵᱟᱝ, ᱤᱧ ᱦᱤᱲᱤᱧ ᱠᱮᱫᱼᱟᱹᱧ
कल ज़रूर करके लाना	ᱜᱟᱯᱟ ᱡᱟᱹᱨᱩᱲ ᱠᱟᱛᱮ ᱟᱹᱜᱩᱭ ᱢᱮ
बहुत अच्छा!	ᱟᱹᱰᱤ ᱵᱷᱟᱹᱜᱤ!
शाबाश!	ᱥᱟᱨᱦᱟᱣ!
बहुत सुंदर काम	ᱟᱹᱰᱤ ᱪᱚᱨᱚᱠ ᱠᱟᱹᱢᱤ
फिर से कोशिश करो	ᱟᱨ ᱢᱤᱫ ᱫᱷᱟᱣ ᱠᱩᱨᱩᱢᱩᱴᱩᱭ ᱢᱮ
हार मत मानो	ᱟᱞᱚᱢ ᱦᱟᱨᱟᱣᱜᱼᱟ
तुम कर सकते हो	ᱟᱢ ᱮᱢ ᱫᱟᱲᱮᱭᱟᱜᱼᱟ
डरो मत	ᱟᱞᱚᱢ ᱵᱚᱛᱚᱨᱚᱜᱼᱟ
शर्माओ मत	ᱟᱞᱚᱢ ᱞᱟᱡᱟᱣᱜᱼᱟ
साफ आवाज़ में बोलो	ᱥᱟᱯᱷᱟ ᱟᱲᱟᱝ ᱛᱮ ᱨᱚᱲ ᱢᱮ
मुझे मदद चाहिए	ᱤᱧ ᱜᱚᱲᱚ ᱫᱚᱨᱠᱟᱨᱤᱧ ᱠᱟᱱᱟ
मैं तुम्हारी मदद करूँगा	ᱤᱧ ᱟᱢᱤᱧ ᱜᱚᱲᱚ ᱟᱢᱟ
क्या किसी को कोई परेशानी है?	ᱪᱮᱫ ᱡᱟᱦᱟᱸᱭᱟᱜ ᱪᱮᱫ ᱮᱴᱠᱮᱴᱚᱬᱮ ᱢᱮᱱᱟᱜᱼᱟ?
मुझे यह समझ नहीं आया	ᱤᱧ ᱱᱚᱣᱟ ᱵᱟᱹᱧ ᱵᱩᱡᱷᱟᱹᱣ ᱫᱟᱲᱮᱭᱟᱫᱼᱟ
मैं दोबारा समझाता हूँ	ᱤᱧ ᱟᱨ ᱢᱤᱫ ᱫᱷᱟᱣ ᱤᱧ ᱵᱩᱡᱷᱟᱹᱣ ᱮᱫ ᱯᱮᱭᱟ
क्या तुमने अपनी कॉपी लाई है?	ᱪᱮᱫ ᱟᱢ ᱟᱢᱟᱜ ᱠᱷᱟᱛᱟᱢ ᱟᱹᱜᱩ ᱟᱠᱟᱫᱼᱟ?
हाँ, मैं लाया हूँ	ᱦᱮᱸ, ᱤᱧ ᱟᱹᱜᱩ ᱟᱠᱟᱫᱼᱟᱹᱧ
नहीं, मैं घर भूल आया	ᱵᱟᱝ, ᱤᱧ ᱚᱲᱟᱜ ᱨᱮᱧ ᱦᱤᱲᱤᱧ ᱴᱚᱠᱟᱫᱼᱟ
अगली बार मत भूलना	ᱫᱟᱨᱟᱭ ᱠᱷᱟᱱ ᱟᱞᱚᱢ ᱦᱤᱲᱤᱧᱟ
क्या तुम्हारे पास पेंसिल है?	ᱪᱮᱫ ᱟᱢ ᱴᱷᱮᱱ ᱯᱮᱱᱥᱤᱞ ᱢᱮᱱᱟᱜᱼᱟ?
हाँ, मेरे पास है	ᱦᱮᱸ, ᱤᱧ ᱴᱷᱮᱱ ᱢᱮᱱᱟᱜᱼᱟ
नहीं, मेरे पास नहीं है	ᱵᱟᱝ, ᱤᱧ ᱴᱷᱮᱱ ᱵᱟᱹᱱᱩᱜᱼᱟ
अपने दोस्त से ले लो	ᱟᱢᱟᱜ ᱜᱟᱛᱮ ᱴᱷᱮᱱ ᱠᱷᱚᱱ ᱦᱟᱛᱟᱣ ᱢᱮ
काम पूरा हो गया?	ᱠᱟᱹᱢᱤ ᱯᱩᱨᱟᱹᱣ ᱮᱱᱟ?
हाँ, मेरा काम पूरा हो गया	ᱦᱮᱸ, ᱤᱧᱟᱜ ᱠᱟᱹᱢᱤ ᱯᱩᱨᱟᱹᱣ ᱮᱱᱟ
अभी थोड़ा बाकी है	ᱱᱤᱛᱚᱜ ᱛᱷᱚᱲᱟ ᱵᱟᱹᱠᱤ ᱢᱮᱱᱟᱜᱼᱟ
जल्दी पूरा करो	ᱞᱚᱜᱚᱱ ᱯᱩᱨᱟᱹᱣ ᱢᱮ
शांति से बैठो	ᱥᱟᱱᱛᱤ ᱛᱮ ᱫᱩᱲᱩᱵᱽ ᱢᱮ
बातें मत करो	ᱠᱟᱛᱷᱟ ᱟᱞᱚᱯᱮ ᱨᱚᱲᱟ
किसकी बारी है?	ᱚᱠᱚᱭᱟᱜ ᱯᱟᱞᱟ ᱠᱟᱱᱟ?
मेरी बारी है	ᱤᱧᱟᱜ ᱯᱟᱞᱟ ᱠᱟᱱᱟ
उसकी बारी है	ᱩᱱᱤᱭᱟᱜ ᱯᱟᱞᱟ ᱠᱟᱱᱟ
तुम क्या कर रहे हो?	ᱟᱢ ᱪᱮᱫ ᱮᱢ ᱪᱮᱠᱟᱭᱮᱫᱼᱟ?
मैं पढ़ रहा हूँ	ᱤᱧ ᱯᱟᱲᱦᱟᱣᱜ ᱠᱟᱱᱟᱹᱧ
मैं लिख रहा हूँ	ᱤᱧ ᱚᱞᱮᱫᱼᱟᱹᱧ
मैं चित्र बना रहा हूँ	ᱤᱧ ᱪᱤᱛᱟᱹᱨ ᱵᱮᱱᱟᱣᱮᱫᱼᱟᱹᱧ
मुझे भूख लगी है	ᱤᱧ ᱨᱮᱸᱜᱮᱡ ᱠᱤᱫᱤᱧᱟ
मुझे प्यास लगी है	ᱤᱧ ᱛᱮᱛᱟᱝ ᱠᱤᱫᱤᱧᱟ
मध्याह्न भोजन का समय हो गया	ᱛᱤᱠᱤᱱ ᱫᱟᱠᱟ ᱚᱠᱛᱚ ᱦᱩᱭᱮᱱᱟ
हाथ धोकर खाना खाओ	ᱛᱤ ᱟᱹᱨᱩᱵ ᱠᱟᱛᱮ ᱫᱟᱠᱟ ᱡᱚᱢ ᱢᱮ
खाना कैसा बना है?	ᱫᱟᱠᱟ ᱪᱮᱫ ᱞᱮᱠᱟ ᱵᱮᱱᱟᱣ ᱟᱠᱟᱱᱟ?
खाना बहुत स्वादिष्ट है	ᱫᱟᱠᱟ ᱟᱹᱰᱤ ᱥᱤᱵᱤᱞ ᱜᱮᱭᱟ
क्या और खाना चाहिए?	ᱪᱮᱫ ᱟᱨᱦᱚᱸ ᱫᱟᱠᱟ ᱫᱚᱨᱠᱟᱨ?
नहीं, मेरा पेट भर गया	ᱵᱟᱝ, ᱤᱧᱟᱜ ᱞᱟᱡ ᱵᱤ ᱮᱱᱟ
बर्तन धोकर रखो	ᱵᱟᱥᱚᱱ ᱟᱹᱨᱩᱵ ᱠᱟᱛᱮ ᱫᱚᱦᱚᱭ ᱢᱮ
आज का पाठ क्या है?	ᱛᱮᱦᱮᱧᱟᱜ ᱯᱟᱴᱷ ᱪᱮᱫ ᱠᱟᱱᱟ?
आज हम कहानी पढ़ेंगे	ᱛᱮᱦᱮᱧ ᱵᱚ ᱠᱟᱹᱦᱱᱤ ᱵᱚ ᱯᱟᱲᱦᱟᱣᱟ
आज हम गणित सीखेंगे	ᱛᱮᱦᱮᱧ ᱵᱚ ᱞᱮᱠᱷᱟ ᱵᱚ ᱪᱮᱫᱚᱜᱼᱟ
आज हम खेल खेलेंगे	ᱛᱮᱦᱮᱧ ᱵᱚ ᱮᱱᱮᱡ ᱵᱚ ᱠᱷᱮᱞᱚᱰᱟ
आज हम गाना गाएँगे	ᱛᱮᱦᱮᱧ ᱵᱚ ᱥᱮᱨᱮᱧ ᱵᱚ ᱥᱮᱨᱮᱧᱟ
क्या किसी को समझ नहीं आया?	ᱪᱮᱫ ᱡᱟᱦᱟᱸᱭ ᱵᱟᱯᱮ ᱵᱩᱡᱷᱟᱹᱣ ᱞᱮᱫᱼᱟ?
सबको समझ आ गया	ᱡᱚᱛᱚ ᱦᱚᱲ ᱠᱚ ᱵᱩᱡᱷᱟᱹᱣ ᱠᱮᱫᱼᱟ
यह किसका है?	ᱱᱚᱣᱟ ᱫᱚ ᱚᱠᱚᱭᱟᱜ ᱠᱟᱱᱟ?
यह मेरा है	ᱱᱚᱣᱟ ᱫᱚ ᱤᱧᱟᱜ ᱠᱟᱱᱟ
यह उसका है	ᱱᱚᱣᱟ ᱫᱚ ᱩᱱᱤᱭᱟᱜ ᱠᱟᱱᱟ
यह किसका बैग है?	ᱱᱚᱣᱟ ᱫᱚ ᱚᱠᱚᱭᱟᱜ ᱵᱮᱜᱽ ᱠᱟᱱᱟ?
यह मेरी पेंसिल है	ᱱᱚᱣᱟ ᱫᱚ ᱤᱧᱟᱜ ᱯᱮᱱᱥᱤᱞ ᱠᱟᱱᱟ
यह मेरी किताब है	ᱱᱚᱣᱟ ᱫᱚ ᱤᱧᱟᱜ ᱯᱩᱛᱷᱤ ᱠᱟᱱᱟ
यह मेरी कॉपी है	ᱱᱚᱣᱟ ᱫᱚ ᱤᱧᱟᱜ ᱠᱷᱟᱛᱟ ᱠᱟᱱᱟ
कक्षा में ध्यान दो	ᱠᱞᱟᱥ ᱨᱮ ᱢᱚᱱ ᱮᱢ ᱢᱮ
इधर-उधर मत देखो	ᱦᱟᱸᱛᱮ-ᱱᱷᱟᱛᱮ ᱟᱞᱚᱢ ᱧᱮᱞᱟ
गुरुजी को सुनो	ᱜᱩᱨᱩᱡᱤ ᱟᱧᱡᱚᱢ ᱮ ᱢᱮ
अपनी गलतियों से सीखो	ᱟᱢᱟᱜ ᱵᱷᱩᱞ ᱠᱷᱚᱱ ᱪᱮᱫᱚᱜ ᱢᱮ
मेहनत करो	ᱠᱩᱨᱩᱢᱩᱴᱩᱭ ᱢᱮ
तुम बहुत होशियार हो	ᱟᱢ ᱟᱹᱰᱤ ᱪᱟᱞᱟᱠ ᱠᱟᱱᱟᱢ
अच्छा प्रयास किया	ᱵᱷᱟᱹᱜᱤ ᱠᱩᱨᱩᱢᱩᱴᱩ ᱠᱮᱫᱼᱟᱢ
अगली बार और अच्छा करना	ᱫᱟᱨᱟᱭ ᱠᱷᱟᱱ ᱟᱨᱦᱚᱸ ᱵᱷᱟᱹᱜᱤ ᱠᱚᱨᱟᱣ ᱢᱮ
क्या तुमने खाना खाया?	ᱪᱮᱫ ᱟᱢ ᱫᱟᱠᱟᱢ ᱡᱚᱢ ᱠᱮᱫᱼᱟ?
हाँ, मैंने खाना खा लिया	ᱦᱮᱸ, ᱤᱧ ᱫᱟᱠᱟᱧ ᱡᱚᱢ ᱠᱮᱫᱼᱟ
नहीं, अभी नहीं खाया	ᱵᱟᱝ, ᱱᱤᱛᱚᱜ ᱵᱟᱹᱧ ᱡᱚᱢ ᱟᱠᱟᱫᱼᱟ
चलो साथ मिलकर खेलें	ᱪᱚᱞᱚ ᱢᱤᱫ ᱛᱮ ᱵᱚ ᱮᱱᱮᱡᱼᱟ
चलो साथ मिलकर पढ़ें	ᱪᱚᱞᱚ ᱢᱤᱫ ᱛᱮ ᱵᱚ ᱯᱟᱲᱦᱟᱣᱜᱼᱟ
मुझे घर जाना है	ᱤᱧ ᱚᱲᱟᱜ ᱥᱮᱱᱚᱜ ᱥᱟᱱᱟᱹᱧ ᱠᱟᱱᱟ
छुट्टी का समय हो गया	ᱪᱷᱩᱴᱤ ᱚᱠᱛᱚ ᱦᱩᱭᱮᱱᱟ
कल मिलेंगे	ᱜᱟᱯᱟ ᱵᱚ ᱧᱟᱯᱟᱢᱟ
नमस्ते गुरुजी	ᱡᱚᱦᱟᱨ ᱜᱩᱨᱩᱡᱤ
खुश रहो	ᱨᱟᱹᱥᱠᱟᱹ ᱛᱮ ᱛᱟᱦᱮᱸᱱ ᱢᱮ
क्या मैं कुछ बोलूँ?	ᱪᱮᱫ ᱤᱧ ᱡᱟᱦᱟᱸᱱᱟᱜ ᱨᱚᱲ ᱫᱟᱲᱮᱭᱟᱜᱼᱟᱹᱧ?
हाँ, बोलो	ᱦᱮᱸ, ᱨᱚᱲ ᱢᱮ
मुझे डर लग रहा है	ᱤᱧ ᱵᱚᱛᱚᱨ ᱤᱧ ᱠᱟᱱᱟ
डरने की कोई बात नहीं	ᱵᱚᱛᱚᱨᱚᱜ ᱨᱮᱱᱟᱜ ᱪᱮᱫ ᱦᱚᱸ ᱵᱟᱹᱱᱩᱜᱼᱟ
तुम बहुत बहादुर हो	ᱟᱢ ᱟᱹᱰᱤ ᱫᱤᱞᱜᱟᱹᱨ ᱠᱟᱱᱟᱢ
सच्चाई बताओ	ᱥᱟᱹᱨᱤ ᱠᱟᱛᱷᱟ ᱞᱟᱹᱭ ᱢᱮ
मैंने जानबूझकर नहीं किया	ᱤᱧ ᱵᱟᱰᱟᱭ ᱠᱟᱛᱮ ᱵᱟᱹᱧ ᱠᱚᱨᱟᱣ ᱟᱠᱟᱫᱼᱟ
कोई बात नहीं	ᱪᱮᱫ ᱦᱚᱸ ᱵᱟᱝ ᱦᱩᱭ ᱟᱠᱟᱱᱟ
आगे से ध्यान रखना	ᱞᱟᱦᱟ ᱥᱮᱫ ᱢᱚᱱ ᱫᱚᱦᱚᱭ ᱢᱮ
क्या तुम ठीक हो?	ᱪᱮᱫ ᱟᱢ ᱴᱷᱤᱠ ᱜᱮ ᱢᱮᱱᱟᱢᱟ?
हाँ, मैं ठीक हूँ	ᱦᱮᱸ, ᱤᱧ ᱴᱷᱤᱠ ᱜᱮ ᱢᱤᱱᱟᱹᱧᱟ
मुझे चोट लग गई	ᱤᱧ ᱜᱷᱟᱣ ᱮᱱᱟᱹᱧ
कहाँ चोट लगी?	ᱚᱠᱟ ᱨᱮ ᱜᱷᱟᱣ ᱮᱱᱟᱢ?
दवाई लगा देते हैं	ᱨᱟᱱ ᱞᱟᱜᱟᱣ ᱠᱟᱜ ᱠᱟᱱᱟ
अब कैसा लग रहा है?	ᱱᱤᱛᱚᱜ ᱪᱮᱫ ᱞᱮᱠᱟ ᱵᱩᱡᱷᱟᱹᱜ ᱠᱟᱱᱟ?
अब बेहतर लग रहा है	ᱱᱤᱛᱚᱜ ᱵᱷᱟᱹᱜᱤ ᱵᱩᱡᱷᱟᱹᱜ ᱠᱟᱱᱟ
सब मिलकर रहो	ᱡᱚᱛᱚ ᱦᱚᱲ ᱢᱤᱞᱟᱹᱣ ᱠᱟᱛᱮ ᱛᱟᱦᱮᱸᱱ ᱯᱮ
एक दूसरे से प्यार करो	ᱢᱤᱫᱼᱟᱨᱢᱤᱫ ᱫᱩᱞᱟᱹᱲ ᱯᱮ
अच्छे बच्चे बनो	ᱵᱷᱟᱹᱜᱤ ᱜᱤᱫᱽᱨᱟᱹ ᱵᱮᱱᱟᱣᱜ ᱯᱮ
रोज़ स्कूल आओ	ᱫᱤᱱᱟᱹᱢ ᱤᱥᱠᱩᱞ ᱦᱤᱡᱩᱜ ᱢᱮ
समय का पालन करो	ᱚᱠᱛᱚ ᱨᱮᱱᱟᱜ ᱱᱤᱭᱚᱢ ᱢᱟᱱᱟᱣ ᱢᱮ
क्या मैं सवाल पूछ सकता हूँ?	ᱪᱮᱫ ᱤᱧ ᱠᱩᱠᱞᱤᱧ ᱠᱩᱞᱤ ᱫᱟᱲᱮᱭᱟᱜᱼᱟ?
गुरुजी, मुझे समझाइए	ᱜᱩᱨᱩᱡᱤ, ᱤᱧ ᱵᱩᱡᱷᱟᱹᱣᱟᱹᱧ ᱵᱤᱱ
मैंने अपना पाठ याद कर लिया है	ᱤᱧ ᱤᱧᱟᱜ ᱯᱟᱴᱷᱤᱧ ᱩᱭᱦᱟᱹᱨ ᱫᱚᱦᱚ ᱠᱮᱫᱼᱟ
क्या मैं बोर्ड साफ कर दूँ?	ᱪᱮᱫ ᱤᱧ ᱵᱳᱨᱰᱤᱧ ᱥᱟᱯᱷᱟ ᱠᱟᱜᱼᱟ?
किताब	ᱯᱩᱛᱷᱤ
कॉपी	ᱠᱷᱟᱛᱟ
कलम	ᱠᱚᱞᱚᱢ
पेंसिल	ᱯᱮᱱᱥᱤᱞ
रबर	ᱨᱟᱵᱟᱨ
कटर	ᱠᱟᱴᱟᱨ
पटरी	ᱥᱠᱮᱞ
बस्ता	ᱵᱮᱜᱽ
पेंसिल बॉक्स	ᱯᱮᱱᱥᱤᱞ ᱵᱟᱠᱥᱟ
रंग	ᱨᱚᱝ
मोमी रंग	ᱢᱚᱢ ᱨᱚᱝ
जल रंग	ᱫᱟᱜ ᱨᱚᱝ
ब्रश	ᱵᱨᱟᱥ
कागज़	ᱠᱟᱜᱚᱡᱽ
गोंद	ᱞᱟᱴᱷᱟ
कैंची	ᱠᱟᱸᱪᱤ
श्यामपट्ट	ᱦᱮᱸᱫᱮ ᱯᱟᱴᱟ
चाक	ᱪᱚᱠ
डस्टर	ᱰᱟᱥᱴᱟᱨ
मेज	ᱴᱮᱵᱩᱞ
कुर्सी	ᱪᱚᱣᱠᱤ
बेंच	ᱵᱮᱸᱪ
डेस्क	ᱰᱮᱥᱠ
चटाई	ᱯᱟᱹᱴᱤ
दरी	ᱫᱩᱨᱤ
घंटी	ᱜᱷᱟᱹᱱᱴᱤ
दरवाज़ा	ᱫᱩᱣᱟᱹᱨ
खिड़की	ᱡᱷᱚᱨᱠᱷᱟ
दीवार	ᱵᱷᱤᱛ
छत	ᱪᱷᱟᱛ
फर्श	ᱚᱛ
पंखा	ᱯᱷᱮᱱ
बत्ती	ᱵᱟᱹᱛᱤ
कूड़ेदान	ᱡᱟᱵᱽᱨᱟ ᱴᱤᱱ
झाड़ू	ᱡᱚᱱᱚᱜ
पानी की बोतल	ᱫᱟᱜ ᱵᱚᱛᱚᱞ
टिफिन बॉक्स	ᱴᱤᱯᱷᱤᱱ ᱵᱟᱠᱥᱟ
थाली	ᱛᱷᱟᱹᱨᱤ
गिलास	ᱜᱮᱞᱟᱥ
चम्मच	ᱪᱟᱢᱚᱪ
कटोरा	ᱵᱟᱹᱴᱤ
नल	ᱠᱚᱞ
हैंडपंप	ᱪᱟᱯᱟᱠᱚᱞ
साबुन	ᱥᱟᱵᱚᱱ
तौलिया	ᱜᱟᱢᱪᱷᱟ
आईना	ᱟᱹᱨᱥᱤ
कंघी	ᱱᱟᱠᱤᱡ
जूता	ᱡᱩᱛᱟᱹ
मोज़ा	ᱢᱳᱡᱟ
पोशाक	ᱤᱥᱠᱩᱞ ᱯᱚᱥᱟᱠ
झंडा	ᱡᱷᱟᱱᱰᱟ
तिरंगा	ᱛᱤᱨᱟᱝᱜᱟ
नक्शा	ᱢᱮᱯ
ग्लोब	ᱜᱞᱳᱵᱽ
चार्ट	ᱪᱟᱨᱴ
दीवार घड़ी	ᱵᱷᱤᱛ ᱜᱷᱩᱲᱤ
कैलेंडर	ᱠᱮᱞᱮᱱᱰᱟᱨ
अलमारी	ᱟᱞᱢᱟᱨᱤ
किताबों की अलमारी	ᱯᱩᱛᱷᱤ ᱟᱞᱢᱟᱨᱤ
गेंद	ᱵᱚᱞ
फुटबॉल	ᱯᱷᱩᱴᱵᱚᱞ
रस्सी	ᱫᱚᱣᱨᱤ
कैरम	ᱠᱮᱨᱟᱢ
लूडो	ᱞᱩᱰᱩ
सीटी	ᱦᱩᱭᱥᱤᱞ
प्राथमिक चिकित्सा पेटी	ᱯᱩᱭᱞᱩ ᱨᱟᱱ ᱵᱟᱠᱥᱟ
पट्टी	ᱯᱟᱹᱴᱤ ᱵᱮᱱᱰᱮᱡᱽ
दवाई	ᱨᱟᱱ
थर्मामीटर	ᱛᱷᱟᱨᱢᱳᱢᱤᱴᱟᱨ
ताला	ᱛᱟᱞᱟ
चाबी	ᱠᱟᱹᱴᱷᱤ
बाल्टी	ᱵᱟᱹᱞᱛᱤ
मग	ᱢᱚᱜᱽ
पोछा	ᱯᱚᱪᱷᱟ
माइक्रोफोन	ᱢᱟᱭᱤᱠ
रेडियो	ᱨᱮᱰᱤᱭᱳ
कंप्यूटर	ᱠᱚᱢᱯᱭᱩᱴᱟᱨ
प्रिंटर	ᱯᱨᱤᱱᱴᱟᱨ
कागज़ की नाव	ᱠᱟᱜᱚᱡᱽ ᱰᱷᱚᱝᱜᱟ
मिट्टी का खिलौना	ᱦᱟᱥᱟ ᱠᱷᱮᱞᱚᱰ
चित्रकला पुस्तिका	ᱪᱤᱛᱟᱹᱨ ᱠᱷᱟᱛᱟ
स्याही	ᱥᱤᱭᱟᱹᱦᱤ
स्टेपलर	ᱤᱥᱴᱮᱯᱞᱟᱨ
पिन	ᱯᱤᱱ
फ़ाइल	ᱯᱷᱟᱭᱤᱞ
लिफाफा	ᱞᱤᱯᱷᱟᱯᱷᱟ
डाक टिकट	ᱰᱟᱠ ᱴᱤᱠᱤᱴ
सूचना पट्ट	ᱞᱟᱹᱭ ᱥᱚᱫᱚᱨ ᱯᱟᱴᱟ
उपस्थिति पंजी	ᱦᱟᱡᱤᱨᱟ ᱠᱷᱟᱛᱟ
प्रवेश द्वार	ᱵᱚᱞᱚᱱ ᱫᱩᱣᱟᱹᱨ
मैदान	ᱴᱟᱺᱰᱤ
खेल का मैदान	ᱮᱱᱮᱡ ᱴᱟᱺᱰᱤ
रसोई घर	ᱫᱟᱠᱟ ᱚᱲᱟᱜ
शौचालय	ᱯᱟᱭᱠᱷᱟᱱᱟ
पुस्तकालय	ᱯᱩᱛᱷᱤ ᱚᱲᱟᱜ
कार्यालय	ᱚᱯᱷᱤᱥ
प्रार्थना सभा	ᱵᱤᱱᱛᱤ ᱟᱠᱷᱲᱟ
बरामदा	ᱯᱤᱰᱷᱟᱹ
सीढ़ी	ᱥᱟᱺᱰᱤ
पेड़ की छाँव	ᱫᱟᱨᱮ ᱩᱢᱩᱞ
शिक्षक	ᱢᱟᱪᱮᱛ
शिक्षिका	ᱢᱟᱪᱮᱛᱟᱹᱱᱤ
गुरुजी	ᱜᱩᱨᱩᱡᱤ
प्रधानाध्यापक	ᱢᱟᱨᱟᱝ ᱢᱟᱪᱮᱛ
प्रधानाध्यापिका	ᱢᱟᱨᱟᱝ ᱢᱟᱪᱮᱛᱟᱹᱱᱤ
विद्यार्थी	ᱯᱟᱹᱴᱷᱩᱣᱟᱹ
छात्र	ᱪᱷᱟᱛᱨᱚ
छात्रा	ᱪᱷᱟᱛᱨᱤ
बच्चा	ᱜᱤᱫᱽᱨᱟᱹ
बच्चे	ᱜᱤᱫᱽᱨᱟᱹᱠᱚ
लड़का	ᱠᱚᱲᱟ
लड़की	ᱠᱩᱲᱤ
छोटा लड़का	ᱦᱩᱰᱤᱧ ᱠᱚᱲᱟ
छोटी लड़की	ᱦᱩᱰᱤᱧ ᱠᱩᱲᱤ
सहपाठी	ᱥᱟᱶᱛᱮ ᱯᱟᱲᱦᱟᱣᱜᱤᱡ
दोस्त	ᱜᱟᱛᱮ
सहेली	ᱥᱟᱺᱜᱤᱧ ᱜᱟᱛᱮ
कक्षा नायक	ᱠᱞᱟᱥ ᱢᱚᱱᱤᱴᱚᱨ
रसोइया	ᱤᱥᱤᱱᱤᱭᱟᱹ
सफाई कर्मचारी	ᱥᱟᱯᱷᱟᱭᱤᱡ
चपरासी	ᱯᱤᱭᱩᱱ
अभिभावक	ᱟᱭᱳ-ᱵᱟᱵᱟ
माता	ᱟᱭᱳ
पिता	ᱵᱟᱵᱟ
भाई	ᱵᱚᱭᱦᱟ
बड़ा भाई	ᱫᱟᱫᱟ
छोटा भाई	ᱵᱚᱠᱚᱧ ᱠᱚᱲᱟ
बहन	ᱢᱤᱥᱤ
बड़ी बहन	ᱫᱟᱹᱭ
छोटी बहन	ᱵᱚᱠᱚᱧ ᱠᱩᱲᱤ
दादा	ᱦᱟᱲᱟᱢᱵᱟ
दादी	ᱵᱩᱰᱷᱤᱟᱭᱳ
नाना	ᱱᱟᱱᱟ ᱵᱟᱵᱟ
नानी	ᱱᱟᱱᱤ ᱟᱭᱳ
चाचा	ᱠᱟᱠᱟ
चाची	ᱠᱟᱹᱠᱤ
मामा	ᱢᱟᱢᱚ
मामी	ᱢᱟᱹᱢᱤ
गाँव का मुखिया	ᱢᱟᱹᱡᱷᱤ ᱦᱟᱲᱟᱢ
गाँव का पुजारी	ᱱᱟᱭᱠᱮ
अतिथि	ᱯᱮᱲᱟ
डॉक्टर	ᱰᱟᱠᱛᱚᱨ
नर्स	ᱱᱟᱨᱥ
डाकिया	ᱰᱟᱠᱯᱤᱭᱩᱱ
पुलिस	ᱯᱩᱞᱤᱥ
किसान	ᱪᱟᱹᱥᱤ
कारीगर	ᱵᱮᱱᱟᱣᱤᱡ
ड्राइवर	ᱰᱨᱟᱭᱵᱷᱟᱨ
दुकानदार	ᱫᱚᱠᱟᱱᱤᱡ
गायक	ᱥᱮᱨᱮᱧᱤᱭᱟᱹ
नर्तक	ᱮᱱᱮᱡᱤᱭᱟᱹ
खिलाड़ी	ᱠᱷᱮᱞᱚᱸᱰᱤᱭᱟᱹ
चित्रकार	ᱪᱤᱛᱟᱹᱨᱤᱭᱟᱹ
लेखक	ᱚᱱᱚᱞᱤᱭᱟᱹ
कवि	ᱚᱱᱚᱬᱦᱤᱭᱟᱹ
श्रोता	ᱟᱧᱡᱚᱢᱤᱭᱟᱹ
दर्शक	ᱧᱮᱧᱮᱞᱤᱭᱟᱹ
पाठक	ᱯᱟᱲᱦᱟᱣᱤᱡ
नेता	ᱟᱹᱭᱩᱨᱤᱡ
साथी	ᱜᱚᱛᱟ
पड़ोसी	ᱯᱟᱲᱟᱦᱚᱲ
बूढ़ा आदमी	ᱦᱟᱲᱟᱢ ᱦᱚᱲ
बूढ़ी औरत	ᱵᱩᱰᱷᱤ ᱦᱚᱲ
युवक	ᱡᱩᱣᱟᱹᱱ ᱠᱚᱲᱟ
युवती	ᱡᱩᱣᱟᱹᱱ ᱠᱩᱲᱤ
शिशु	ᱜᱤᱫᱽᱨᱟᱹ ᱵᱟᱹᱵᱩ
दल नायक	ᱫᱚᱞ ᱟᱹᱭᱩᱨᱤᱡ
विद्यालय प्रबंधन समिति अध्यक्ष	ᱤᱥᱠᱩᱞ ᱠᱩᱢᱩᱴ ᱯᱟᱨᱥᱮᱛ
निरीक्षक	ᱛᱚᱫᱟᱨᱚᱛᱤᱡ
आंगनवाड़ी कार्यकर्ता	ᱟᱝᱜᱚᱱᱵᱟᱲᱤ ᱠᱟᱹᱢᱤᱭᱟᱹ
अक्षर	ᱟᱠᱷᱚᱨ
वर्णमाला	ᱵᱚᱨᱱᱚᱢᱟᱞᱟ
स्वर वर्ण	ᱨᱟᱦᱟ ᱟᱲᱟᱝ
व्यंजन वर्ण	ᱠᱮᱪᱮᱫ ᱟᱲᱟᱝ
मात्रा	ᱢᱟᱛᱨᱟ
शब्द	ᱟᱹᱲᱟᱹ
शब्दावली	ᱟᱹᱲᱟᱹ ᱢᱩᱨᱟᱹᱭ
शब्दकोश	ᱟᱹᱲᱟᱹ ᱢᱟᱞᱟ
वाक्य	ᱟᱭᱟᱛ
अनुच्छेद	ᱚᱱᱚᱞ ᱦᱟᱹᱴᱤᱧ
पाठ	ᱯᱟᱴᱷ
कहानी	ᱠᱟᱹᱦᱱᱤ
लोककथा	ᱦᱚᱲ ᱠᱟᱹᱦᱱᱤ
कविता	ᱚᱱᱚᱬᱦᱮ
गीत	ᱥᱮᱨᱮᱧ
नाटक	ᱱᱟᱴᱚᱠ
निबंध	ᱚᱱᱚᱞ
पत्र	ᱪᱤᱴᱷᱤ
आवेदन पत्र	ᱫᱚᱨᱠᱷᱟᱥᱛ
शीर्षक	ᱪᱮᱛᱟᱱ ᱧᱩᱛᱩᱢ
अर्थ	ᱢᱮᱱᱮᱛ
पर्यायवाची शब्द	ᱥᱚᱢᱟᱱ ᱢᱮᱱᱮᱛ ᱟᱹᱲᱟᱹ
विलोम शब्द	ᱩᱞᱴᱟᱹ ᱢᱮᱱᱮᱛ ᱟᱹᱲᱟᱹ
संज्ञा	ᱧᱩᱛᱩᱢ
सर्वनाम	ᱩᱧᱩᱢ
विशेषण	ᱜᱩᱱᱩᱱ
क्रिया	ᱠᱟᱱᱣᱟ
काल	ᱚᱠᱛᱚ
वर्तमान काल	ᱱᱤᱛᱚᱜ ᱚᱠᱛᱚ
भूतकाल	ᱯᱟᱨᱚᱢ ᱚᱠᱛᱚ
भविष्य काल	ᱦᱤᱡᱩᱜ ᱚᱠᱛᱚ
लिंग	ᱡᱟᱱᱟᱝ
पुल्लिंग	ᱠᱚᱲᱟ ᱡᱟᱱᱟᱝ
स्त्रीलिंग	ᱠᱩᱲᱤ ᱡᱟᱱᱟᱝ
वचन	ᱜᱚᱴᱟᱝ
एकवचन	ᱢᱤᱫ ᱜᱚᱴᱟᱝ
द्विवचन	ᱵᱟᱨ ᱜᱚᱴᱟᱝ
बहुवचन	ᱥᱟᱸᱜᱮ ᱜᱚᱴᱟᱝ
विराम चिह्न	ᱛᱷᱤᱨ ᱪᱤᱱᱦᱟᱹ
पूर्ण विराम	ᱢᱩᱪᱟᱹᱫ ᱪᱤᱱᱦᱟᱹ
अल्प विराम	ᱠᱟᱹᱴᱤᱡ ᱛᱷᱤᱨ ᱪᱤᱱᱦᱟᱹ
प्रश्नवाचक चिह्न	ᱠᱩᱠᱞᱤ ᱪᱤᱱᱦᱟᱹ
विस्मयादिबोधक चिह्न	ᱦᱟᱦᱟᱲᱟ ᱪᱤᱱᱦᱟᱹ
पढ़ना	ᱯᱟᱲᱦᱟᱣ
लिखना	ᱚᱞ
बोलना	ᱨᱚᱲ
सुनना	ᱟᱧᱡᱚᱢ
समझना	ᱵᱩᱡᱷᱟᱹᱣ
याद करना	ᱩᱭᱦᱟᱹᱨ ᱫᱚᱦᱚ
दोहराना	ᱫᱚᱦᱲᱟ
अनुवाद	ᱛᱚᱨᱡᱚᱢᱟ
मातृभाषा	ᱡᱟᱱᱟᱢ ᱟᱲᱟᱝ
भाषा	ᱯᱟᱹᱨᱥᱤ
लिपि	ᱪᱤᱠᱤ
ओल चिकी	ᱚᱞ ᱪᱤᱠᱤ
देवनागरी	ᱫᱮᱵᱽᱱᱟᱜᱽᱨᱤ
व्याकरण	ᱨᱚᱱᱚᱲ
साहित्य	ᱥᱟᱶᱦᱮᱫ
वर्तनी	ᱵᱟᱱᱟᱱ
शुद्ध उच्चारण	ᱥᱟᱹᱨᱤ ᱟᱲᱟᱝ ᱚᱰᱚᱠ
सुलेख	ᱪᱚᱨᱚᱠ ᱚᱞ
श्रुतलेख	ᱟᱧᱡᱚᱢ ᱚᱞ
रिक्त स्थान भरो	ᱠᱷᱟᱹᱞᱤ ᱴᱷᱟᱶ ᱯᱮᱨᱮᱡᱽ ᱢᱮ
सही या गलत	ᱥᱟᱹᱨᱤ ᱥᱮ ᱵᱷᱩᱞ
मिलान करो	ᱢᱮᱲᱟᱣ ᱢᱮ
उचित शब्द चुनो	ᱥᱟᱹᱨᱤ ᱟᱹᱲᱟᱹ ᱵᱟᱪᱷᱟᱣ ᱢᱮ
वाक्य बनाओ	ᱟᱭᱟᱛ ᱵᱮᱱᱟᱣ ᱢᱮ
वाक्य पूरा करो	ᱟᱭᱟᱛ ᱯᱩᱨᱟᱹᱣ ᱢᱮ
संक्षेप में लिखो	ᱠᱷᱟᱴᱚ ᱛᱮ ᱚᱞ ᱢᱮ
विस्तार से लिखो	ᱵᱤᱥᱛᱟᱨ ᱛᱮ ᱚᱞ ᱢᱮ
चित्र देखकर लिखो	ᱪᱤᱛᱟᱹᱨ ᱧᱮᱞ ᱠᱟᱛᱮ ᱚᱞ ᱢᱮ
कहानी का सारांश	ᱠᱟᱹᱦᱱᱤ ᱨᱮᱱᱟᱜ ᱥᱟᱨᱟᱝᱥᱚ
मुख्य विचार	ᱢᱩᱬᱩᱛ ᱩᱭᱦᱟᱹᱨ
नैतिक शिक्षा	ᱥᱤᱠᱷᱱᱟᱹᱛ
मुहावरा	ᱵᱷᱮᱱᱛᱟ ᱠᱟᱛᱷᱟ
पहेली	ᱠᱩᱫᱩᱢ
पहेली का उत्तर	ᱠᱩᱫᱩᱢ ᱨᱮᱱᱟᱜ ᱛᱮᱞᱟ
कहावत	ᱢᱮᱱ ᱠᱟᱛᱷᱟ
वार्तालाप	ᱨᱚᱯᱚᱲ
भाषण	ᱜᱟᱞᱚᱪ
वाद-विवाद	ᱵᱷᱟᱥᱟ-ᱵᱷᱟᱹᱥᱤ
प्रश्नोत्तरी	ᱠᱩᱠᱞᱤ-ᱛᱮᱞᱟ
अध्याय	ᱚᱫᱷᱭᱟᱭ
विषय सूची	ᱥᱟᱛᱟᱢ ᱛᱟᱹᱞᱠᱟᱹ
पृष्ठ संख्या	ᱥᱟᱠᱟᱢ ᱮᱞ
प्रथम पृष्ठ	ᱯᱩᱭᱞᱩ ᱥᱟᱠᱟᱢ
अंतिम पृष्ठ	ᱢᱩᱪᱟᱹᱫ ᱥᱟᱠᱟᱢ
पुस्तकालय की पुस्तक	ᱯᱩᱛᱷᱤ ᱚᱲᱟᱜ ᱨᱮᱱᱟᱜ ᱯᱩᱛᱷᱤ
पाठ्यपुस्तक	ᱯᱟᱴᱷ ᱯᱩᱛᱷᱤ
अभ्यास पुस्तिका	ᱚᱵᱷᱭᱟᱥ ᱯᱩᱛᱷᱤ
पत्रिका	ᱯᱟᱛᱷᱟᱢ
समाचार पत्र	ᱵᱮᱣᱨᱟ ᱥᱟᱠᱟᱢ
समाचार	ᱵᱮᱣᱨᱟ
संदेश	ᱠᱷᱚᱵᱚᱨ
सूचना	ᱞᱟᱹᱭ ᱥᱚᱫᱚᱨ
नियम	ᱱᱤᱭᱚᱢ
अनुशासन	ᱱᱤᱭᱚᱢ ᱢᱟᱱᱟᱣ
ज्ञान	ᱜᱮᱭᱟᱱ
शिक्षा	ᱥᱮᱪᱮᱫ
सीखना	ᱪᱮᱫᱚᱜ
सिखाना	ᱥᱮᱪᱮᱫ
अभ्यास	ᱚᱵᱷᱭᱟᱥ
याददाश्त	ᱩᱭᱦᱟᱹᱨ ᱫᱟᱲᱮ
विचार	ᱩᱭᱦᱟᱹᱨ
कल्पना	ᱟᱸᱥ ᱩᱭᱦᱟᱹᱨ
सृजनशीलता	ᱵᱮᱱᱟᱣ ᱫᱟᱲᱮ
रुचि	ᱨᱟᱹᱥᱠᱟᱹ
सुधार	ᱥᱩᱫᱷᱨᱟᱹᱣ
प्रगति	ᱞᱟᱦᱟᱱᱛᱤ
सफलता	ᱡᱤᱛᱠᱟᱹᱨ
कोशिश	ᱠᱩᱨᱩᱢᱩᱴᱩ
सावधानी	ᱦᱩᱥᱤᱭᱟᱹᱨᱤ
मार्गदर्शन	ᱰᱟᱦᱟᱨ ᱩᱫᱩᱜ
प्रेरणा	ᱩᱫᱽᱜᱟᱹᱣ
योग्यता	ᱫᱟᱲᱮ
प्रतिभा	ᱜᱩᱱ
चर्चा	ᱜᱟᱞᱢᱟᱨᱟᱣ
राय	ᱢᱚᱛ
उदाहरण	ᱫᱟᱹᱭᱠᱟᱹ
व्याख्या	ᱵᱩᱡᱷᱟᱹᱣ ᱚᱪᱚ
गणित	ᱞᱮᱠᱷᱟ ᱥᱟᱬᱮᱥ
संख्या	ᱮᱞ
अंक	ᱚᱝᱠᱚ
गिनती	ᱞᱮᱠᱷᱟ
शून्य	ᱥᱩᱱ
एक	ᱢᱤᱫ
दो	ᱵᱟᱨ
तीन	ᱯᱮ
चार	ᱯᱩᱱ
पाँच	ᱢᱚᱬᱮ
छह	ᱛᱩᱨᱩᱭ
सात	ᱮᱭᱟᱭ
आठ	ᱤᱨᱟᱹᱞ
नौ	ᱟᱨᱮ
दस	ᱜᱮᱞ
ग्यारह	ᱜᱮᱞ ᱢᱤᱫ
बारह	ᱜᱮᱞ ᱵᱟᱨ
तेरह	ᱜᱮᱞ ᱯᱮ
चौदह	ᱜᱮᱞ ᱯᱩᱱ
पंद्रह	ᱜᱮᱞ ᱢᱚᱬᱮ
सोलह	ᱜᱮᱞ ᱛᱩᱨᱩᱭ
सत्रह	ᱜᱮᱞ ᱮᱭᱟᱭ
अठारह	ᱜᱮᱞ ᱤᱨᱟᱹᱞ
उन्नीस	ᱜᱮᱞ ᱟᱨᱮ
बीस	ᱢᱤᱫ ᱤᱥᱤ
तीस	ᱯᱮ ᱜᱮᱞ
चालीस	ᱵᱟᱨ ᱤᱥᱤ
पचास	ᱢᱚᱬᱮ ᱜᱮᱞ
साठ	ᱯᱮ ᱤᱥᱤ
सत्तर	ᱮᱭᱟᱭ ᱜᱮᱞ
अस्सी	ᱯᱩᱱ ᱤᱥᱤ
नब्बे	ᱟᱨᱮ ᱜᱮᱞ
सौ	ᱥᱟᱭ
एक हज़ार	ᱢᱤᱫ ᱦᱟᱡᱟᱨ
लाख	ᱞᱟᱠᱷ
करोड़	ᱠᱳᱴᱤ
पहला	ᱯᱩᱭᱞᱩ
दूसरा	ᱫᱚᱥᱟᱨ
तीसरा	ᱛᱮᱥᱟᱨ
चौथा	ᱯᱩᱱᱟᱜ
पाँचवाँ	ᱢᱚᱬᱮᱭᱟᱜ
जोड़	ᱢᱮᱥᱟ
जोड़ना	ᱢᱮᱥᱟᱭ
जोड़ का चिह्न	ᱢᱮᱥᱟ ᱪᱤᱱᱦᱟᱹ
घटाव	ᱵᱷᱮᱜᱟᱨ
घटाना	ᱵᱷᱮᱜᱟᱨ
घटाव का चिह्न	ᱵᱷᱮᱜᱟᱨ ᱪᱤᱱᱦᱟᱹ
गुणा	ᱜᱟᱵᱟᱬ
गुणा करना	ᱜᱟᱵᱟᱬ
गुणा का चिह्न	ᱜᱟᱵᱟᱬ ᱪᱤᱱᱦᱟᱹ
भाग	ᱦᱟᱹᱴᱤᱧ
भाग देना	ᱦᱟᱹᱴᱤᱧ
भाग का चिह्न	ᱦᱟᱹᱴᱤᱧ ᱪᱤᱱᱦᱟᱹ
बराबर	ᱵᱟᱨᱟᱵᱟᱹᱨᱤ
बराबर नहीं	ᱵᱟᱝ ᱵᱟᱨᱟᱵᱟᱹᱨᱤ
बड़ा	ᱢᱟᱨᱟᱝ
छोटा	ᱦᱩᱰᱤᱧ
संख्या रेखा	ᱮᱞ ᱜᱟᱨ
इकाई	ᱢᱤᱫᱟᱱ
दहाई	ᱜᱮᱞᱟᱱ
सैकड़ा	ᱥᱟᱭᱟᱱ
हज़ार	ᱦᱟᱡᱟᱨᱟᱱ
स्थानीय मान	ᱴᱷᱟᱶ ᱮᱞ ᱜᱚᱱᱚᱝ
वास्तविक मान	ᱥᱟᱹᱨᱤ ᱜᱚᱱᱚᱝ
सम संख्या	ᱡᱳᱲ ᱮᱞ
विषम संख्या	ᱵᱤᱡᱳᱲ ᱮᱞ
भिन्न	ᱦᱟᱹᱴᱤᱧ ᱮᱞ
आधा	ᱟᱫᱷᱟ
तिहाई	ᱯᱮ ᱦᱟᱹᱴᱤᱧ
चौथाई	ᱯᱩᱱ ᱦᱟᱹᱴᱤᱧ
पौना	ᱯᱮ ᱯᱟᱦᱴᱟ
पूरा	ᱜᱚᱴᱟ
दशमलव	ᱰᱮᱥᱤᱢᱟᱞ
प्रतिशत	ᱥᱟᱭᱠᱚᱲᱟ
आकृति	ᱢᱩᱴᱷᱟᱹᱱ
रेखा	ᱜᱟᱨ
सीधी रेखा	ᱥᱚᱡᱷᱮ ᱜᱟᱨ
टेढ़ी रेखा	ᱠᱮᱪᱮᱫ ᱜᱟᱨ
बिंदु	ᱴᱩᱰᱟᱹᱜ
कोण	ᱠᱳᱬ
समकोण	ᱥᱚᱢᱠᱳᱬ
त्रिभुज	ᱯᱮ ᱠᱳᱬ
वर्ग	ᱯᱩᱱ ᱠᱳᱬ ᱥᱚᱢᱟᱱ
आयत	ᱟᱭᱚᱛ
वृत्त	ᱜᱩᱞᱟᱹᱭ
गोला	ᱜᱩᱞᱤ
घन	ᱜᱷᱚᱱ
शंकु	ᱠᱷᱚᱫᱚᱨ
बेलन	ᱪᱩᱝᱜᱤ
केंद्र	ᱛᱟᱞᱟ
त्रिज्या	ᱛᱟᱞᱟ ᱠᱷᱚᱱ ᱫᱷᱟᱨᱮ
व्यास	ᱛᱟᱞᱟ ᱜᱟᱨ
परिमाप	ᱵᱮᱲᱦᱟᱭ ᱡᱚᱠᱷᱟ
क्षेत्रफल	ᱡᱟᱭᱜᱟ ᱡᱚᱠᱷᱟ
आयतन	ᱟᱭᱛᱚᱱ
माप	ᱡᱚᱠᱷᱟ
मापना	ᱡᱚᱠᱷᱟ
लंबाई	ᱡᱤᱞᱤᱧ
चौड़ाई	ᱪᱟᱠᱷᱟᱱᱫᱟ
ऊँचाई	ᱩᱥᱩᱞ
गहराई	ᱜᱟᱹᱦᱤᱨ
मोटाई	ᱢᱚᱴᱟ
भार	ᱦᱟᱢᱟᱞ
हल्का	ᱨᱟᱣᱟᱞ
भारी	ᱦᱟᱢᱟᱞ
दूरी	ᱥᱟᱺᱜᱤᱧ
नज़दीक	ᱥᱩᱨ
दूर	ᱥᱟᱺᱜᱤᱧ
मीटर	ᱢᱤᱴᱟᱨ
सेंटीमीटर	ᱥᱮᱱᱴᱤᱢᱤᱴᱟᱨ
किलोमीटर	ᱠᱤᱞᱳᱢᱤᱴᱟᱨ
ग्राम	ᱜᱨᱟᱢ
किलोग्राम	ᱠᱤᱞᱳᱜᱨᱟᱢ
लीटर	ᱞᱤᱴᱟᱨ
मिलीलीटर	ᱢᱤᱞᱤᱞᱤᱴᱟᱨ
रुपया	ᱴᱟᱠᱟ
पैसे	ᱯᱩᱭᱥᱟᱹ
सिक्का	ᱯᱩᱭᱥᱟᱹ ᱪᱟᱠᱛᱤ
नोट	ᱠᱟᱜᱚᱡᱽ ᱴᱟᱠᱟ
मूल्य	ᱜᱚᱱᱚᱝ
क्रय मूल्य	ᱠᱤᱨᱤᱧ ᱜᱚᱱᱚᱝ
विक्रय मूल्य	ᱟᱹᱠᱷᱨᱤᱧ ᱜᱚᱱᱚᱝ
लाभ	ᱞᱟᱵᱷ
हानि	ᱞᱩᱠᱥᱟᱱ
कुल योग	ᱡᱚᱛᱚ ᱛᱮ
शेषफल	ᱥᱟᱨᱮᱡ
भागफल	ᱦᱟᱹᱴᱤᱧ ᱯᱷᱚᱞ
गुणनफल	ᱜᱟᱵᱟᱬ ᱯᱷᱚᱞ
पहाड़ा	ᱯᱟᱦᱟᱲᱟ
दो दूनी चार	ᱵᱟᱨ ᱫᱩᱱᱟᱹ ᱯᱩᱱ
आरोही क्रम	ᱦᱩᱰᱤᱧ ᱠᱷᱚᱱ ᱢᱟᱨᱟᱝ ᱛᱷᱟᱨ
अवरोही क्रम	ᱢᱟᱨᱟᱝ ᱠᱷᱚᱱ ᱦᱩᱰᱤᱧ ᱛᱷᱟᱨ
पैटर्न	ᱯᱮᱴᱟᱨᱱ
अनुपात	ᱚᱱᱩᱯᱟᱛ
औसत	ᱦᱟᱨᱟᱦᱟᱹᱨᱤ
तालिका	ᱛᱟᱹᱞᱠᱟᱹ
आलेख	ᱜᱽᱨᱟᱯᱷ
समीकरण	ᱥᱚᱢᱤᱠᱚᱨᱚᱱ
समस्या	ᱮᱴᱠᱮᱴᱚᱬᱮ
समाधान	ᱥᱚᱞᱦᱮ
उत्तर की जाँच	ᱛᱮᱞᱟ ᱯᱚᱨᱠᱷᱟᱣ
गणना करना	ᱞᱮᱠᱷᱟ
कम	ᱠᱚᱢ
ज्यादा	ᱰᱷᱮᱨ
गिनकर बताओ	ᱞᱮᱠᱷᱟ ᱠᱟᱛᱮ ᱞᱟᱹᱭ ᱢᱮ
कितने बचे?	ᱛᱤᱱᱟᱹᱜ ᱥᱟᱨᱮᱡ ᱮᱱᱟ?
दोनों को मिलाओ	ᱵᱟᱱᱟᱨ ᱢᱮᱥᱟᱭ ᱢᱮ
संख्याओं की तुलना	ᱮᱞ ᱛᱩᱞᱟᱹᱡᱚᱠᱷᱟ
गिनती की छड़ें	ᱞᱮᱠᱷᱟ ᱠᱟᱹᱴᱷᱤ
समान भाग	ᱥᱚᱢᱟᱱ ᱦᱟᱹᱴᱤᱧ
दहाई का अंक	ᱜᱮᱞᱟᱱ ᱮᱞ
इकाई का अंक	ᱢᱤᱫᱟᱱ ᱮᱞ
विज्ञान	ᱥᱟᱬᱮᱥ
सजीव	ᱡᱤᱣᱤᱭᱟᱱ
निर्जीव	ᱵᱤᱱ ᱡᱤᱣᱤᱭᱟᱱ
पौधा	ᱫᱟᱨᱮ ᱦᱚᱯᱚᱱ
पेड़	ᱫᱟᱨᱮ
जड़	ᱨᱮᱦᱮᱫ
तना	ᱰᱟᱹᱨ
पत्ता	ᱥᱟᱠᱟᱢ
शाखा	ᱰᱟᱹᱨ
फूल	ᱵᱟᱦᱟ
फल	ᱡᱚ
बीज	ᱡᱟᱝ
अंकुरण	ᱢᱚᱣᱞᱟᱜ
छाया	ᱩᱢᱩᱞ
प्रकाश संश्लेषण	ᱢᱟᱨᱥᱟᱞ ᱡᱚᱢᱟᱜ ᱛᱮᱭᱟᱨ
पानी	ᱫᱟᱜ
हवा	ᱦᱚᱭ
मिट्टी	ᱦᱟᱥᱟ
पत्थर	ᱫᱷᱤᱨᱤ
रेत	ᱜᱤᱛᱤᱞ
कीचड़	ᱞᱚᱥᱚᱫ
धूप	ᱥᱤᱛᱩᱝ
गर्मी	ᱞᱚᱞᱚ
ठंड	ᱨᱮᱭᱟᱲ
तापमान	ᱛᱟᱯᱢᱟᱱ
मौसम	ᱨᱤᱛᱩ
बादल	ᱨᱤᱢᱤᱞ
वर्षा	ᱫᱟᱜ ᱡᱟᱹᱲᱤ
इंद्रधनुष	ᱞᱤᱴᱟᱹ ᱟᱜ
बिजली	ᱵᱤᱡᱽᱞᱤ
आकाश	ᱥᱮᱨᱢᱟ
सूर्य	ᱥᱤᱸᱜᱤ
चंद्रमा	ᱪᱟᱸᱫᱚ
तारा	ᱤᱯᱤᱞ
ग्रह	ᱜᱽᱨᱚᱦᱚ
पृथ्वी	ᱫᱷᱟᱹᱨᱛᱤ
दिन	ᱫᱤᱱ
रात	ᱧᱤᱫᱟᱹ
शरीर	ᱦᱚᱲᱢᱚ
सिर	ᱵᱚᱦᱚᱜ
बाल	ᱩᱵ
माथा	ᱢᱚᱞᱚᱝ
आँख	ᱢᱮᱫ
कान	ᱞᱩᱛᱩᱨ
नाक	ᱢᱩ
मुँह	ᱢᱚᱪᱟ
दाँत	ᱰᱟᱴᱟ
जीभ	ᱟᱞᱟᱝ
होंठ	ᱞᱩᱴᱤ
गाल	ᱡᱳ
ठोड़ी	ᱠᱚᱪᱚ
गर्दन	ᱦᱚᱛᱚᱫ
कंधा	ᱛᱟᱨᱮᱱ
छाती	ᱠᱚᱲᱟᱢ
पेट	ᱞᱟᱡ
पीठ	ᱫᱮᱭᱟ
कमर	ᱰᱟᱸᱰᱟ
हाथ	ᱛᱤ
हथेली	ᱛᱟᱞᱠᱷᱟ
उंगली	ᱠᱟᱹᱴᱩᱵ
अंगूठा	ᱮᱸᱜᱟ ᱠᱟᱹᱴᱩᱵ
नाखून	ᱨᱟᱢᱟ
पैर	ᱡᱟᱝᱜᱟ
घुटना	ᱤᱠᱤᱨ
एड़ी	ᱜᱟᱹᱲᱤ
हड्डी	ᱡᱟᱝ
मांसपेशी	ᱡᱤᱞ
त्वचा	ᱦᱟᱨᱛᱟ
रक्त	ᱢᱟᱭᱟᱢ
हृदय	ᱠᱚᱲᱟᱢ ᱡᱤᱣᱤ
फेफड़ा	ᱯᱷᱮᱯᱷᱲᱟ
पाचन	ᱦᱚᱡᱚᱢ
साँस लेना	ᱥᱟᱦᱮᱫ ᱦᱟᱛᱟᱣ
ज्ञानेंद्रिय	ᱜᱮᱭᱟᱱ ᱚᱝᱜᱚ
दृष्टि	ᱧᱮᱞ ᱫᱟᱲᱮ
श्रवण	ᱟᱧᱡᱚᱢ ᱫᱟᱲᱮ
स्वाद	ᱥᱤᱵᱤᱞ ᱵᱟᱰᱟᱭ
गंध	ᱥᱚ
स्पर्श	ᱡᱚᱴᱮᱫ ᱵᱟᱰᱟᱭ
जानवर	ᱡᱤᱭᱟᱹᱞᱤ
पशु	ᱡᱟᱱᱣᱟᱨ
पक्षी	ᱪᱮᱬᱮ
कीड़ा	ᱛᱤᱡᱩ
मछली	ᱦᱟᱹᱠᱩ
मेंढक	ᱨᱚᱴᱮ
साँप	ᱵᱤᱧ
कछुआ	ᱦᱚᱨᱚ
गाय	ᱜᱟᱹᱭ
बैल	ᱰᱟᱝᱜᱽᱨᱟ
भैंस	ᱠᱟᱰᱟ
बकरी	ᱢᱮᱨᱚᱢ
भेड़	ᱵᱷᱤᱰᱤ
कुत्ता	ᱥᱮᱛᱟ
बिल्ली	ᱯᱩᱥᱤ
घोड़ा	ᱥᱟᱫᱚᱢ
हाथी	ᱦᱟᱹᱛᱤ
शेर	ᱛᱟᱹᱨᱩᱵ
बाघ	ᱠᱩᱞ
भालू	ᱵᱟᱱᱟ
हिरण	ᱡᱷᱚᱝᱠᱟᱨ
बंदर	ᱜᱟᱹᱲᱤ
खरगोश	ᱠᱩᱞᱟᱹᱭ
चूहा	ᱜᱩᱪᱩ
तोता	ᱢᱤᱨᱩ
कौआ	ᱠᱟᱣᱟ
कबूतर	ᱯᱟᱹᱨᱣᱟᱹ
मोर	ᱢᱟᱨᱟᱜ
मुर्गी	ᱥᱤᱢ
बतख	ᱜᱷᱮᱸᱣ
चील	ᱠᱩᱨᱤᱛ
उल्लू	ᱠᱳᱠᱳ
मधुमक्खी	ᱧᱮᱞᱮ
तितली	ᱯᱤᱯᱤᱲᱤᱭᱟᱝ
चींटी	ᱢᱩᱡ
मच्छर	ᱥᱤᱠᱨᱤᱡ
मक्खी	ᱨᱳ
मकड़ी	ᱵᱤᱱᱫᱤ
घोंसला	ᱛᱩᱠᱟᱹ
अंडा	ᱵᱤᱞᱤ
दूध	ᱛᱳᱣᱟ
शहद	ᱧᱮᱞᱮ ᱨᱟᱥᱟ
ठोस	ᱠᱮᱴᱮᱡ
तरल	ᱞᱤᱧᱡᱤᱱᱟᱜ
गैस	ᱜᱮᱥ
भाप	ᱵᱷᱟᱯ
बर्फ	ᱵᱚᱨᱚᱯᱷ
पिघलना	ᱜᱚᱞᱟᱣ
जमना	ᱡᱚᱢᱟᱣ
उबलना	ᱦᱮᱰᱮᱡ
तैरना	ᱯᱟᱭᱨᱟ
डूबना	ᱩᱱᱩᱢ
चुंबक	ᱪᱩᱢᱵᱚᱠ
गुरुत्वाकर्षण	ᱚᱛ ᱚᱨ ᱫᱟᱲᱮ
घर्षण	ᱜᱟᱥᱟᱣ ᱫᱟᱲᱮ
ऊर्जा	ᱫᱟᱲᱮ
सौर ऊर्जा	ᱥᱤᱸᱜᱤ ᱫᱟᱲᱮ
ध्वनि	ᱥᱟᱰᱮ
प्रकाश	ᱢᱟᱨᱥᱟᱞ
अंधेरा	ᱧᱩᱛ
सजीव प्राणी	ᱡᱤᱣᱤᱭᱟᱱ ᱡᱤᱵᱽ
निर्जीव वस्तु	ᱵᱤᱱ ᱡᱤᱣᱤ ᱡᱤᱱᱤᱥ
पेड़-पौधे	ᱫᱟᱨᱮ-ᱱᱟᱹᱬᱤ
जीव-जंतु	ᱡᱤᱵᱽ-ᱡᱤᱭᱟᱹᱞᱤ
पक्षियों का घोंसला	ᱪᱮᱬᱮ ᱛᱩᱠᱟᱹ
पशु का बच्चा	ᱡᱤᱭᱟᱹᱞᱤ ᱦᱚᱯᱚᱱ
सूर्य की धूप	ᱥᱤᱸᱜᱤ ᱥᱤᱛᱩᱝ
चाँद की रोशनी	ᱪᱟᱸᱫᱚ ᱢᱟᱨᱥᱟᱞ
वर्षा की बूँदें	ᱫᱟᱜ ᱴᱤᱯᱤᱡ
साफ हवा	ᱥᱟᱯᱷᱟ ᱦᱚᱭ
गंदा पानी	ᱢᱟᱹᱭᱞᱟᱹ ᱫᱟᱜ
पौधों को पानी देना	ᱫᱟᱨᱮ ᱨᱮ ᱫᱟᱜ ᱫᱩᱞ
पर्यावरण	ᱯᱚᱨᱤᱵᱮᱥ
प्रकृति	ᱠᱩᱫᱽᱨᱟᱹᱛ
जंगल	ᱵᱤᱨ
पहाड़	ᱵᱩᱨᱩ
पहाड़ी	ᱠᱟᱹᱴᱤᱡ ᱵᱩᱨᱩ
घाटी	ᱵᱮᱰᱟ
गुफा	ᱞᱚᱛᱷᱟ
नदी	ᱜᱟᱰᱟ
तालाब	ᱯᱩᱠᱷᱨᱤ
झील	ᱵᱟᱸᱫᱷ
झरना	ᱡᱷᱟᱨᱱᱟ
समुद्र	ᱫᱚᱨᱭᱟ
कुआँ	ᱠᱩᱧ
नहर	ᱱᱟᱞᱟ
खेत	ᱵᱟᱹᱫᱽ
बगीचा	ᱵᱟᱜᱟᱱ
गाँव	ᱟᱹᱛᱩ
शहर	ᱵᱟᱡᱟᱨ
सड़क	ᱰᱟᱦᱟᱨ
पगडंडी	ᱦᱚᱨ
पुल	ᱥᱟᱠᱷᱳ
घर	ᱚᱲᱟᱜ
झोपड़ी	ᱠᱷᱩᱯᱨᱤ
आँगन	ᱨᱟᱪᱟ
खलिहान	ᱠᱷᱟᱹᱨᱟᱹᱭ
घास	ᱜᱷᱟᱸᱥ
झाड़ी	ᱜᱟᱡᱟᱲ
काँटा	ᱡᱟᱹᱱᱩᱢ
बाँस	ᱢᱟᱫ
बरगद	ᱵᱟᱨᱮ
पीपल	ᱦᱮᱥᱟᱜ
साल का पेड़	ᱥᱟᱨᱡᱚᱢ ᱫᱟᱨᱮ
महुआ	ᱢᱟᱹᱛᱠᱚᱢ
नीम	ᱱᱤᱢ
आम	ᱩᱞ
अमरूद	ᱠᱟᱱᱴᱷᱟᱲ
कटहल	ᱠᱟᱱᱴᱷᱟᱲ ᱡᱚ
केला	ᱠᱟᱭᱨᱟ
पपीता	ᱯᱚᱯᱚᱭᱟ
इमली	ᱡᱚᱡᱚ
जामुन	ᱠᱩᱫᱽ
बेर	ᱡᱟᱹᱱᱩᱢ ᱡᱚ
गुलाब	ᱜᱩᱞᱟᱵᱽ ᱵᱟᱦᱟ
गेंदा	ᱜᱮᱸᱫᱟ ᱵᱟᱦᱟ
कमल	ᱠᱚᱢᱚᱞ ᱵᱟᱦᱟ
सूरजमुखी	ᱥᱤᱸᱜᱤ ᱵᱟᱦᱟ
चावल	ᱪᱟᱣᱞᱮ
धान	ᱦᱩᱲᱩ
गेहूँ	ᱜᱩᱦᱩᱢ
मक्का	ᱡᱚᱱᱫᱽᱨᱟ
दाल	ᱫᱟᱹᱞ
सब्जी	ᱩᱛᱩ
आलू	ᱟᱹᱞᱩ
प्याज	ᱯᱮᱭᱟᱡᱽ
लहसुन	ᱨᱟᱹᱥᱩᱬ
अदरक	ᱟᱫᱟ
मिर्च	ᱢᱟᱹᱨᱤᱪ
टमाटर	ᱵᱤᱞᱟᱹᱛᱤ
नमक	ᱵᱩᱞᱩᱝ
तेल	ᱥᱩᱱᱩᱢ
हल्दी	ᱥᱟᱥᱟᱝ
ऋतु	ᱨᱤᱛᱩ
गर्मी का मौसम	ᱥᱤᱛᱩᱝ ᱫᱤᱱ
बरसात का मौसम	ᱫᱟᱜ ᱫᱤᱱ
सर्दी का मौसम	ᱨᱟᱵᱟᱝ ᱫᱤᱱ
बसंत ऋतु	ᱵᱟᱦᱟ ᱫᱤᱱ
हवा चलना	ᱦᱚᱭ ᱦᱤᱡᱩᱜ
आँधी	ᱵᱟᱹᱨᱰᱩ
तूफान	ᱛᱩᱯᱷᱟᱱ
बाढ़	ᱦᱤᱲᱤᱨ ᱫᱟᱜ
सूखा	ᱟᱠᱟᱞ
धुआँ	ᱫᱷᱩᱣᱟᱹ
आग	ᱥᱮᱸᱜᱮᱞ
राख	ᱛᱚᱨᱚᱪ
कोयला	ᱠᱩᱭᱞᱟᱹ
प्रदूषण	ᱯᱨᱚᱫᱩᱥᱚᱱ
संरक्षण	ᱡᱚᱛᱚᱱ
वृक्षारोपण	ᱫᱟᱨᱮ ᱨᱚᱦᱚᱭ
पेड़ लगाओ	ᱫᱟᱨᱮ ᱨᱚᱦᱚᱭ ᱢᱮ
जल ही जीवन है	ᱫᱟᱜ ᱜᱮ ᱡᱤᱣᱤ
पेड़ मत काटो	ᱫᱟᱨᱮ ᱟᱞᱚᱢ ᱢᱟᱜᱟ
पर्यावरण बचाओ	ᱯᱚᱨᱤᱵᱮᱥ ᱵᱟᱧᱪᱟᱣ ᱢᱮ
शुद्ध हवा	ᱥᱟᱯᱷᱟ ᱦᱚᱭ
प्राकृतिक स्रोत	ᱠᱩᱫᱽᱨᱟᱹᱛ ᱯᱷᱮᱰᱟᱛ
जैव विविधता	ᱡᱤᱭᱟᱹᱞᱤ ᱵᱷᱮᱜᱟᱨ
पारिस्थितिकी	ᱯᱚᱨᱤᱵᱮᱥ ᱵᱮᱵᱚᱥᱛᱷᱟ
प्राकृतिक आपदा	ᱠᱩᱫᱽᱨᱟᱹᱛ ᱮᱴᱠᱮᱴᱚᱬᱮ
ओस की बूँद	ᱥᱤᱥᱤᱨ ᱫᱟᱜ
कोहरा	ᱠᱩᱦᱲᱟᱹ
ओले	ᱥᱟᱹᱨᱤ ᱫᱷᱤᱨᱤ
सूर्योदय	ᱥᱤᱸᱜᱤ ᱨᱟᱠᱟᱵ
सूर्यास्त	ᱥᱤᱸᱜᱤ ᱦᱟᱹᱥᱩᱨ
पूर्णिमा	ᱠᱩᱱᱟᱹᱢᱤ
अमावस्या	ᱚᱢᱟᱵᱟᱥᱤᱭᱟ
ग्रहण	ᱜᱽᱨᱚᱦᱚᱱ
भूगोल	ᱚᱛᱱᱚᱜ
दिशा	ᱫᱤᱠ
पूर्व	ᱥᱟᱢᱟᱝ
पश्चिम	ᱯᱟᱪᱷᱮ
उत्तर	ᱩᱛᱟᱹᱨ
दक्षिण	ᱫᱟᱹᱠᱷᱤᱱ
स्वास्थ्य	ᱦᱚᱲᱢᱚ ᱵᱷᱟᱹᱜᱤ
स्वच्छता	ᱥᱟᱯᱷᱟ-ᱥᱟᱯᱷᱤ
हाथ धोना	ᱛᱤ ᱟᱹᱨᱩᱵ
साफ पानी	ᱥᱟᱯᱷᱟ ᱫᱟᱜ
भोजन	ᱡᱚᱢᱟᱜ
संतुलित आहार	ᱯᱩᱥᱴᱤ ᱡᱚᱢᱟᱜ
बीमारी	ᱨᱩᱣᱟᱹ-ᱦᱟᱹᱥᱩ
बुखार	ᱨᱩᱣᱟᱹ
खाँसी	ᱠᱷᱳᱠ
सर्दी-जुकाम	ᱢᱟᱱᱫᱟ
सिरदर्द	ᱵᱚᱦᱚᱜ ᱦᱟᱹᱥᱩ
पेट दर्द	ᱞᱟᱡ ᱦᱟᱹᱥᱩ
दाँत दर्द	ᱰᱟᱴᱟ ᱦᱟᱹᱥᱩ
आँख दर्द	ᱢᱮᱫ ᱦᱟᱹᱥᱩ
कान दर्द	ᱞᱩᱛᱩᱨ ᱦᱟᱹᱥᱩ
घाव	ᱜᱷᱟᱣ
चोट	ᱵᱟᱡᱟᱣ
पट्टी बाँधना	ᱯᱟᱹᱴᱤ ᱛᱚᱞ
मलहम	ᱢᱚᱞᱚᱢ
टीकाकरण	ᱴᱤᱠᱟᱹ ᱮᱢ
कृमि मुक्ति	ᱡᱤᱡᱩ ᱢᱮᱴᱟᱣ
आयरन की गोली	ᱟᱭᱨᱚᱱ ᱜᱩᱞᱤ
पोषण	ᱯᱩᱥᱴᱤ
कुपोषण	ᱯᱩᱥᱴᱤ ᱚᱵᱷᱟᱵᱽ
स्नान करना	ᱩᱢᱩᱜ
दाँत साफ करना	ᱰᱟᱴᱟ ᱜᱟᱥᱟᱣ
दातुन	ᱫᱟᱹᱛᱟᱹᱣᱱᱤ
बाल धोना	ᱩᱵ ᱟᱹᱨᱩᱵ
नाखून काटना	ᱨᱟᱢᱟ ᱜᱮᱫ
साफ कपड़े पहनना	ᱥᱟᱯᱷᱟ ᱞᱩᱜᱽᱲᱤ ᱦᱚᱨᱚᱜ
शौचालय का उपयोग करना	ᱯᱟᱭᱠᱷᱟᱱᱟ ᱵᱮᱵᱷᱟᱨ
खुले में शौच न करना	ᱵᱟᱦᱨᱮ ᱨᱮ ᱤᱡ ᱵᱟᱝ
खाना ढक कर रखना	ᱡᱚᱢᱟᱜ ᱮᱥᱮᱫ ᱠᱟᱛᱮ ᱫᱚᱦᱚ
उबला हुआ पानी	ᱦᱮᱰᱮᱡ ᱫᱟᱜ
छानकर पानी पीना	ᱪᱷᱟᱹᱱᱤ ᱠᱟᱛᱮ ᱫᱟᱜ ᱧᱩ
कसरत	ᱵᱮᱭᱟᱢ
योगासन	ᱡᱳᱜᱟᱥᱚᱱ
प्राणायाम	ᱯᱨᱟᱬᱟᱭᱟᱢ
नींद	ᱡᱟᱹᱯᱤᱫ
विश्राम	ᱡᱤᱨᱟᱹᱣ
सुबह जल्दी उठना	ᱥᱮᱛᱟᱜ ᱵᱮᱨᱮᱫ
रात को समय पर सोना	ᱧᱤᱫᱟᱹ ᱚᱠᱛᱚ ᱨᱮ ᱜᱤᱛᱤᱡ
ताजा भोजन	ᱵᱮᱨᱮᱞ ᱥᱟᱯᱷᱟ ᱡᱚᱢᱟᱜ
बासी भोजन	ᱵᱟᱥᱤ ᱡᱚᱢᱟᱜ
मक्खियों से बचाव	ᱨᱳ ᱠᱷᱚᱱ ᱵᱟᱧᱪᱟᱣ
मच्छरदानी	ᱴᱷᱮᱸᱜᱟ ᱮᱥᱮᱫ ᱡᱷᱟᱹᱞᱤ
संक्रमण	ᱪᱷᱩᱣᱟᱹᱴ
प्रतिरोधक क्षमता	ᱨᱩᱣᱟᱹ ᱴᱮᱠᱟᱣ ᱫᱟᱲᱮ
स्वस्थ शरीर	ᱱᱤᱨᱚᱜᱽ ᱦᱚᱲᱢᱚ
स्वस्थ मन	ᱱᱤᱨᱚᱜᱽ ᱢᱚᱱᱮ
कमजोरी	ᱫᱩᱨᱵᱚᱞ
चक्कर आना	ᱵᱚᱦᱚᱜ ᱟᱹᱪᱩᱨ
उल्टी	ᱩᱞᱤ
दस्त	ᱞᱟᱡ ᱪᱟᱞᱟᱜ
ओआरएस का घोल	ᱳ ᱟᱨ ᱮᱥ ᱫᱟᱜ
प्राथमिक उपचार	ᱯᱩᱭᱞᱩ ᱛᱤᱠᱪᱷᱟᱹ
अस्पताल	ᱦᱟᱥᱯᱟᱛᱟᱞ
स्वास्थ्य केंद्र	ᱦᱚᱲᱢᱚ ᱥᱟᱶᱟᱨ ᱛᱟᱞᱢᱟ
दवा की दुकान	ᱨᱟᱱ ᱫᱚᱠᱟᱱ
रोग मुक्त	ᱨᱩᱣᱟᱹ ᱵᱟᱹᱱᱩᱜ
तंदुरुस्त	ᱠᱮᱴᱮᱡ ᱦᱚᱲᱢᱚ
साफ वातावरण	ᱥᱟᱯᱷᱟ ᱯᱚᱨᱤᱵᱮᱥ
हाथ पोंछना	ᱛᱤ ᱡᱚᱫ
कचरे का निस्तारण	ᱡᱟᱵᱽᱨᱟ ᱜᱤᱰᱤ
स्वच्छ भारत	ᱥᱟᱯᱷᱟ ᱵᱷᱟᱨᱚᱛ
जल प्रदूषण से बचाव	ᱫᱟᱜ ᱢᱟᱹᱭᱞᱟᱹ ᱴᱮᱠᱟᱣ
वायु प्रदूषण से बचाव	ᱦᱚᱭ ᱢᱟᱹᱭᱞᱟᱹ ᱴᱮᱠᱟᱣ
सड़क सुरक्षा	ᱰᱟᱦᱟᱨ ᱨᱩᱠᱷᱤᱭᱟᱹ
सुरक्षित खेल	ᱨᱩᱠᱷᱤᱭᱟᱹ ᱮᱱᱮᱡ
सुरक्षित स्पर्श	ᱵᱷᱟᱹᱜᱤ ᱡᱚᱴᱮᱫ
समय	ᱚᱠᱛᱚ
घंटा	ᱴᱟᱲᱟᱝ
मिनट	ᱴᱤᱯᱤᱡ
सेकंड	ᱥᱮᱠᱮᱱᱰ
आज	ᱛᱮᱦᱮᱧ
कल (बीता हुआ)	ᱦᱚᱞᱟ
कल (आने वाला)	ᱜᱟᱯᱟ
परसों (बीता हुआ)	ᱢᱟᱦᱟᱸᱫᱮᱨ
परसों (आने वाला)	ᱢᱮᱭᱟᱝ
नरसों	ᱛᱮᱭᱟᱝ
सुबह	ᱥᱮᱛᱟᱜ
भोर	ᱟᱸᱜᱟ
दोपहर	ᱛᱤᱠᱤᱱ
शाम	ᱟᱹᱭᱩᱵ
गोधूलि	ᱥᱤᱸᱜᱟᱹᱲ
आधी रात	ᱛᱟᱞᱟ ᱧᱤᱫᱟᱹ
सप्ताह	ᱦᱟᱯᱛᱟ
महीना	ᱪᱟᱸᱫᱚ
वर्ष	ᱥᱮᱨᱢᱟ
शताब्दी	ᱥᱟᱭ ᱥᱮᱨᱢᱟ
सोमवार	ᱚᱛᱮ ᱢᱟᱦᱟ
मंगलवार	ᱵᱟᱞᱮ ᱢᱟᱦᱟ
बुधवार	ᱥᱟᱹᱜᱩᱱ ᱢᱟᱦᱟ
गुरुवार	ᱥᱟᱹᱨᱫᱤ ᱢᱟᱦᱟ
शुक्रवार	ᱡᱟᱹᱨᱩᱢ ᱢᱟᱦᱟ
शनिवार	ᱧᱩᱦᱩᱢ ᱢᱟᱦᱟ
रविवार	ᱥᱤᱸᱜᱮ ᱢᱟᱦᱟ
माघ	ᱢᱟᱜᱷ
फाल्गुन	ᱯᱷᱟᱹᱜᱩᱱ
चैत्र	ᱪᱟᱹᱛ
वैशाख	ᱵᱟᱹᱭᱥᱟᱹᱠᱷ
ज्येष्ठ	ᱡᱷᱮᱴᱷ
आषाढ़	ᱟᱥᱟᱲ
श्रावण	ᱥᱟᱱ
भाद्रपद	ᱵᱷᱟᱫᱚᱨ
आश्विन	ᱫᱟᱥᱟᱸᱭ
कार्तिक	ᱥᱚᱦᱨᱟᱭ
मार्गशीर्ष	ᱟᱜᱷᱟᱬ
पौष	ᱯᱩᱥ
तिथि	ᱛᱤᱛᱷᱤ
दिनांक	ᱛᱟᱹᱨᱤᱠᱷ
जन्मदिन	ᱡᱟᱱᱟᱢ ᱢᱟᱦᱟ
छुट्टी का दिन	ᱪᱷᱩᱴᱤ ᱢᱟᱦᱟ
कार्य दिवस	ᱠᱟᱹᱢᱤ ᱢᱟᱦᱟ
त्योहार	ᱯᱟᱨᱟᱵᱽ
सोहराय पर्व	ᱥᱚᱦᱨᱟᱭ ᱯᱟᱨᱟᱵᱽ
बाहा पर्व	ᱵᱟᱦᱟ ᱯᱟᱨᱟᱵᱽ
सरहुल	ᱥᱟᱨᱦᱩᱞ
करम पर्व	ᱠᱟᱨᱟᱢ ᱯᱟᱨᱟᱵᱽ
स्वतंत्रता दिवस	ᱯᱷᱩᱨᱜᱟᱹᱞ ᱢᱟᱦᱟ
गणतंत्र दिवस	ᱫᱤᱥᱣᱟᱹ ᱢᱟᱦᱟ
गांधी जयंती	ᱜᱟᱱᱫᱷᱤ ᱡᱚᱭᱚᱱᱛᱤ
शिक्षक दिवस	ᱢᱟᱪᱮᱛ ᱢᱟᱦᱟ
बाल दिवस	ᱜᱤᱫᱽᱨᱟᱹ ᱢᱟᱦᱟ
संताली भाषा दिवस	ᱥᱟᱱᱛᱟᱲᱤ ᱯᱟᱹᱨᱥᱤ ᱢᱟᱦᱟ
समय सारिणी	ᱚᱠᱛᱚ ᱛᱟᱹᱞᱠᱟᱹ
घड़ी की सुई	ᱜᱷᱩᱲᱤ ᱠᱟᱹᱴᱩᱵ
समय का पाबंद	ᱚᱠᱛᱚ ᱢᱟᱱᱟᱣ
देरी से आना	ᱵᱤᱞᱚᱢ ᱠᱟᱛᱮ ᱦᱤᱡᱩᱜ
दैनिक उपस्थिति	ᱫᱤᱱᱟᱹᱢ ᱦᱟᱡᱤᱨᱟ
समय का महत्व	ᱚᱠᱛᱚ ᱨᱮᱱᱟᱜ ᱢᱚᱦᱚᱛ
लाल	ᱟᱨᱟᱜ
हरा	ᱦᱟᱹᱨᱤᱭᱟᱹᱲ
नीला	ᱞᱤᱞ
पीला	ᱥᱟᱥᱟᱝ
सफेद	ᱯᱩᱸᱰ
काला	ᱦᱮᱸᱫᱮ
नारंगी	ᱠᱚᱢᱞᱟ
गुलाबी	ᱜᱩᱞᱟᱵᱤ
बैंगनी	ᱵᱮᱝᱜᱟᱲᱤᱭᱟᱹ
भूरा	ᱠᱷᱟᱹᱭᱨᱤ
धूसर	ᱜᱷᱳᱞᱟ
सुनहरा	ᱥᱚᱱᱟᱞᱤ
चांदी जैसा	ᱨᱩᱯᱟᱹᱞᱤ
चमकीला	ᱡᱤᱞᱤᱠ
धुंधला	ᱠᱩᱦᱲᱟᱹ
गोल	ᱜᱩᱞᱟᱹᱭ
चौकोर	ᱯᱩᱱ ᱠᱳᱬ
तिकोना	ᱯᱮ ᱠᱳᱬ
लंबा	ᱡᱤᱞᱤᱧ
नाटा	ᱠᱷᱟᱴᱚ
छोटा (आकार)	ᱦᱩᱰᱤᱧ
बड़ा (आकार)	ᱢᱟᱨᱟᱝ
मोटा	ᱢᱚᱴᱟ
पतला	ᱯᱟᱛᱞᱟ
चौड़ा	ᱪᱟᱠᱷᱟᱱᱫᱟ
सकरा	ᱥᱟᱸᱠᱲᱟ
ऊँचा	ᱩᱥᱩᱞ
नीचा	ᱯᱷᱮᱰ
गहरा	ᱜᱟᱹᱦᱤᱨ
उथला	ᱪᱷᱟᱰᱚ
भारी वस्तु	ᱦᱟᱢᱟᱞ ᱡᱤᱱᱤᱥ
हल्की वस्तु	ᱨᱟᱣᱟᱞ ᱡᱤᱱᱤᱥ
कठोर	ᱠᱮᱴᱮᱡ
मुलायम	ᱞᱟᱹᱵᱤᱫ
खुरदरा	ᱠᱷᱚᱫᱚᱨ
चिकना	ᱪᱤᱠᱬᱟᱹ
गर्म	ᱞᱚᱞᱚ
ठंडा	ᱨᱮᱭᱟᱲ
मीठा	ᱦᱮᱲᱮᱢ
खट्टा	ᱡᱚᱡᱚ
तीखा	ᱦᱟᱲᱦᱟᱴ
कड़वा	ᱦᱟᱫᱽ
नमकीन	ᱠᱷᱟᱨᱟ
सुगंधित	ᱥᱚᱲᱚᱢ ᱥᱚ
बदबूदार	ᱥᱮᱭᱟ ᱥᱚ
साफ	ᱥᱟᱯᱷᱟ
गंदा	ᱢᱟᱹᱭᱞᱟᱹ
गीला	ᱞᱚᱦᱚᱫ
सूखा (वस्तु)	ᱨᱚᱦᱚᱲ
नया	ᱱᱟᱣᱟ
पुराना	ᱢᱟᱨᱮ
तेज़ गति	ᱞᱚᱜᱚᱱ
धीमी गति	ᱵᱷᱮᱫᱟ
पास	ᱥᱩᱨ
दूर की जगह	ᱥᱟᱺᱜᱤᱧ ᱴᱷᱟᱶ
ऊपर	ᱪᱮᱛᱟᱱ
नीचे	ᱞᱟᱛᱟᱨ
अंदर	ᱵᱷᱤᱛᱨᱤ
बाहर	ᱵᱟᱦᱨᱮ
आगे	ᱞᱟᱦᱟ
पीछे	ᱛᱟᱭᱚᱢ
दायाँ	ᱡᱚᱡᱚᱢ
बायाँ	ᱞᱮᱸᱜᱟ
बीच में	ᱛᱟᱞᱟ ᱨᱮ
समान	ᱮᱠᱮᱞ
अलग	ᱵᱷᱮᱜᱟᱨ
खुला	ᱡᱷᱤᱡ
बंद	ᱵᱚᱸᱫᱽ
भरा हुआ	ᱯᱮᱨᱮᱡ
खाली	ᱠᱷᱟᱹᱞᱤ
शांत	ᱛᱷᱤᱨ
शोरगुल	ᱦᱩᱞᱪᱩᱞ
सीधा	ᱥᱚᱡᱷᱮ
टेढ़ा	ᱠᱮᱪᱮᱫ
परीक्षा	ᱵᱤᱰᱟᱹᱣ
जाँच	ᱯᱚᱨᱠᱷᱟᱣ
मौखिक परीक्षा	ᱢᱚᱪᱟ ᱵᱤᱰᱟᱹᱣ
लिखित परीक्षा	ᱚᱞ ᱵᱤᱰᱟᱹᱣ
साप्ताहिक परीक्षा	ᱦᱟᱯᱛᱟᱠᱤᱭᱟᱹ ᱵᱤᱰᱟᱹᱣ
मासिक परीक्षा	ᱪᱟᱸᱫᱚᱠᱤᱭᱟᱹ ᱵᱤᱰᱟᱹᱣ
अर्धवार्षिक परीक्षा	ᱟᱫᱷᱟ ᱥᱮᱨᱢᱟ ᱵᱤᱰᱟᱹᱣ
वार्षिक परीक्षा	ᱥᱮᱨᱢᱟᱠᱤᱭᱟᱹ ᱵᱤᱰᱟᱹᱣ
प्रश्न	ᱠᱩᱠᱞᱤ
प्रश्न पत्र	ᱠᱩᱠᱞᱤ ᱥᱟᱠᱟᱢ
उत्तर पुस्तिका	ᱛᱮᱞᱟ ᱠᱷᱟᱛᱟ
अंक (नंबर)	ᱱᱚᱢᱵᱚᱨ
कुल अंक	ᱡᱚᱛᱚ ᱛᱮ ᱱᱚᱢᱵᱚᱨ
उत्तीर्ण (पास)	ᱯᱟᱥ
अनुत्तीर्ण (फेल)	ᱯᱷᱮᱞ
प्रथम श्रेणी	ᱯᱩᱭᱞᱩ ᱛᱷᱟᱨ
द्वितीय श्रेणी	ᱫᱚᱥᱟᱨ ᱛᱷᱟᱨ
तृतीय श्रेणी	ᱛᱮᱥᱟᱨ ᱛᱷᱟᱨ
प्रगति पत्र	ᱞᱟᱦᱟᱱᱛᱤ ᱥᱟᱠᱟᱢ
प्रमाण पत्र	ᱥᱟᱹᱵᱤᱛ ᱥᱟᱠᱟᱢ
पुरस्कार	ᱥᱤᱨᱯᱷᱟᱹ
मेडल	ᱢᱮᱰᱟᱞ
छात्रवृत्ति	ᱥᱮᱪᱮᱫ ᱜᱚᱲᱚ ᱴᱟᱠᱟ
प्रतियोगिता	ᱦᱮᱯᱨᱟᱣ
खेल प्रतियोगिता	ᱮᱱᱮᱡ ᱦᱮᱯᱨᱟᱣ
चित्रकला प्रतियोगिता	ᱪᱤᱛᱟᱹᱨ ᱦᱮᱯᱨᱟᱣ
भाषण प्रतियोगिता	ᱜᱟᱞᱚᱪ ᱦᱮᱯᱨᱟᱣ
वाद-विवाद प्रतियोगिता	ᱵᱷᱟᱥᱟ-ᱵᱷᱟᱹᱥᱤ ᱦᱮᱯᱨᱟᱣ
निबंध प्रतियोगिता	ᱚᱱᱚᱞ ᱦᱮᱯᱨᱟᱣ
संगीत प्रतियोगिता	ᱥᱮᱨᱮᱧ ᱦᱮᱯᱨᱟᱣ
प्रश्नोत्तरी प्रतियोगिता	ᱠᱩᱠᱞᱤ-ᱛᱮᱞᱟ ᱦᱮᱯᱨᱟᱣ
विजेता	ᱡᱤᱛᱠᱟᱹᱨᱤᱭᱟᱹ
उपविजेता	ᱫᱚᱥᱟᱨ ᱡᱤᱛᱠᱟᱹᱨᱤᱭᱟᱹ
प्रतिभागी	ᱥᱮᱞᱮᱫᱤᱡ
मूल्यांकन	ᱜᱚᱱᱚᱝ ᱛᱩᱞᱟᱹᱡᱚᱠᱷᱟ
सतत मूल्यांकन	ᱫᱤᱱᱟᱹᱢ ᱛᱩᱞᱟᱹᱡᱚᱠᱷᱟ
उपस्थिति	ᱦᱟᱡᱤᱨᱟ
अनुपस्थिति	ᱵᱟᱝ ᱦᱟᱡᱤᱨ
प्रतिशत उपस्थिति	ᱥᱟᱭᱠᱚᱲᱟ ᱦᱟᱡᱤᱨᱟ
रोल नंबर	ᱨᱳᱞ ᱱᱚᱢᱵᱚᱨ
नाम	ᱧᱩᱛᱩᱢ
कक्षा (वर्ग)	ᱪᱟᱱᱟᱪ
वर्ग (सेक्शन)	ᱦᱟᱹᱴᱤᱧ
विषय	ᱥᱟᱛᱟᱢ
समय सीमा	ᱚᱠᱛᱚ ᱥᱤᱢᱟᱹ
निर्देश	ᱫᱤᱥᱟᱹ-ᱩᱫᱩᱜ
नकल करना मना है	ᱱᱚᱠᱚᱞ ᱢᱟᱱᱟ ᱜᱮᱭᱟ
शांत रहकर लिखो	ᱛᱷᱤᱨ ᱠᱟᱛᱮ ᱚᱞ ᱢᱮ
समय समाप्त हो गया	ᱚᱠᱛᱚ ᱢᱩᱪᱟᱹᱫ ᱮᱱᱟ
कॉपी जमा करो (परीक्षा)	ᱠᱷᱟᱛᱟ ᱡᱚᱢᱟᱭ ᱢᱮ
जाँच करना	ᱯᱚᱨᱠᱷᱟᱣ
सही का निशान (✓)	ᱥᱟᱹᱨᱤ ᱪᱤᱱᱦᱟᱹ
गलत का निशान (✗)	ᱵᱷᱩᱞ ᱪᱤᱱᱦᱟᱹ
ग्रेड	ᱜᱽᱨᱮᱰ
उत्कृष्ट	ᱟᱹᱰᱤ ᱱᱟᱯᱟᱭ
उत्तम	ᱱᱟᱯᱟᱭ
संतोषजनक	ᱥᱚᱱᱛᱳᱥ
सुधार की आवश्यकता	ᱥᱩᱫᱷᱨᱟᱹᱣ ᱞᱟᱹᱠᱛᱤ
कठिन सवाल	ᱟᱸᱴ ᱠᱩᱠᱞᱤ
सरल सवाल	ᱟᱞᱜᱟ ᱠᱩᱠᱞᱤ
पुनरावृत्ति	ᱫᱚᱦᱲᱟ ᱪᱮᱫᱚᱜ
तैयारी	ᱥᱟᱯᱲᱟᱣ
प्रवेश पत्र	ᱵᱚᱞᱚᱱ ᱥᱟᱠᱟᱢ
परिणाम	ᱚᱨᱡᱚ
खेल	ᱮᱱᱮᱡ-ᱠᱷᱮᱞᱚᱰ
खेलना	ᱠᱷᱮᱞᱚᱰ
कूदना	ᱫᱚᱱ
दौड़ना	ᱫᱟᱹᱲ
पकड़म-पकड़ाई	ᱥᱟᱵᱽ ᱥᱟᱯᱟᱵ
छुपन-छुपाई	ᱩᱠᱩ ᱪᱩᱨ
कबड्डी	ᱠᱟᱵᱟᱰᱤ
खो-खो	ᱠᱷᱳ-ᱠᱷᱳ
फुटबॉल खेलना	ᱯᱷᱩᱴᱵᱚᱞ ᱮᱱᱮᱡ
क्रिकेट	ᱠᱨᱤᱠᱮᱴ
गोली / कंचा खेलना	ᱜᱩᱞᱤ ᱮᱱᱮᱡ
रस्सी कूदना	ᱫᱚᱣᱨᱤ ᱫᱚᱱ
गेंद फेंकना	ᱵᱚᱞ ᱪᱟᱯᱟᱫ
गेंद पकड़ना	ᱵᱚᱞ ᱥᱟᱵᱽ
दौड़ प्रतियोगिता	ᱫᱟᱹᱲ ᱦᱮᱯᱨᱟᱣ
लंबी कूद	ᱡᱤᱞᱤᱧ ᱫᱚᱱ
ऊँची कूद	ᱩᱥᱩᱞ ᱫᱚᱱ
गोला फेंक	ᱜᱩᱞᱤ ᱪᱟᱯᱟᱫ
कला	ᱦᱩᱱᱟᱹᱨ
चित्रकला	ᱪᱤᱛᱟᱹᱨ ᱦᱩᱱᱟᱹᱨ
हस्तशिल्प	ᱛᱤ ᱦᱩᱱᱟᱹᱨ
मिट्टी का काम	ᱦᱟᱥᱟ ᱠᱟᱹᱢᱤ
कागज़ की कला	ᱠᱟᱜᱚᱡᱽ ᱦᱩᱱᱟᱹᱨ
चित्र बनाना	ᱪᱤᱛᱟᱹᱨ ᱵᱮᱱᱟᱣ
रंग भरना	ᱨᱚᱝ ᱯᱮᱨᱮᱡ
गीत गाना	ᱥᱮᱨᱮᱧ
नृत्य करना	ᱮᱱᱮᱡ
संताली नृत्य	ᱥᱟᱱᱛᱟᱲᱤ ᱮᱱᱮᱡ
मांदर बजाना	ᱛᱩᱢᱫᱟᱜ ᱨᱩ
धमसा बजाना	ᱴᱟᱢᱟᱠ ᱨᱩ
बाँसुरी बजाना	ᱛᱤᱨᱤᱭᱟᱹᱣ ᱚᱨᱚᱝ
अभिनय करना	ᱱᱟᱴᱚᱠ ᱠᱟᱹᱢᱤ
कठपुतली का खेल	ᱠᱟᱴ ᱯᱩᱛᱲᱤ ᱮᱱᱮᱡ
कहानी सुनाना	ᱠᱟᱹᱦᱱᱤ ᱞᱟᱹᱭ
ताल मिलाना	ᱛᱟᱞ ᱢᱮᱲᱟᱣ
तालियाँ बजाना	ᱛᱟᱲᱤ ᱛᱷᱟᱭᱚ
वृत्त में खड़े होना	ᱜᱩᱞᱟᱹᱭ ᱛᱮ ᱛᱤᱸᱜᱩ
हाथ पकड़कर घूमना	ᱛᱤ ᱥᱟᱯᱟᱵ ᱠᱟᱛᱮ ᱟᱹᱪᱩᱨ
पतंग उड़ाना	ᱜᱩᱰᱰᱤ ᱩᱰᱟᱹᱣ
खिलौने बनाना	ᱠᱷᱮᱞᱚᱰ ᱵᱮᱱᱟᱣ
फूलों की माला बनाना	ᱵᱟᱦᱟ ᱢᱟᱞᱟ ᱜᱟᱞᱟᱝ
दीवार पर चित्रकारी	ᱵᱷᱤᱛ ᱪᱤᱛᱟᱹᱨ
सोहराय चित्रकला	ᱥᱚᱦᱨᱟᱭ ᱪᱤᱛᱟᱹᱨ
रंगोली बनाना	ᱨᱚᱝᱜᱳᱞᱤ ᱵᱮᱱᱟᱣ
पेड़ लगाना (गतिविधि)	ᱫᱟᱨᱮ ᱨᱚᱦᱚᱭ ᱠᱟᱹᱢᱤ
बगीचे की सफाई	ᱵᱟᱜᱟᱱ ᱥᱟᱯᱷᱟ
कक्षा की सजावट	ᱠᱞᱟᱥ ᱥᱟᱡᱟᱣ
झंडा फहराना	ᱡᱷᱟᱱᱰᱟ ᱛᱩᱞ
राष्ट्रगान गाना	ᱫᱤᱥᱚᱢ ᱥᱮᱨᱮᱧ
प्रभात फेरी	ᱥᱮᱛᱟᱜ ᱫᱟᱬᱟ
वार्षिकोत्सव	ᱥᱮᱨᱢᱟᱠᱤᱭᱟᱹ ᱯᱟᱨᱟᱵᱽ
सांस्कृतिक कार्यक्रम	ᱞᱟᱠᱪᱟᱨ ᱟᱠᱷᱲᱟ
सामूहिक गान	ᱜᱟᱫᱮᱞ ᱥᱮᱨᱮᱧ
सामूहिक नृत्य	ᱜᱟᱫᱮᱞ ᱮᱱᱮᱡ
एकल गान	ᱮᱠᱞᱟ ᱥᱮᱨᱮᱧ
एकल नृत्य	ᱮᱠᱞᱟ ᱮᱱᱮᱡ
मूक अभिनय	ᱛᱷᱤᱨ ᱱᱟᱴᱚᱠ
कौशल विकास	ᱦᱩᱱᱟᱹᱨ ᱦᱟᱨᱟᱣ
टीम वर्क	ᱜᱟᱫᱮᱞ ᱠᱟᱹᱢᱤ
खेल भावना	ᱮᱱᱮᱡ ᱢᱚᱱᱮ
जीत	ᱡᱤᱛᱠᱟᱹᱨ
हार	ᱦᱟᱨᱟᱣ
बराबरी (टाई)	ᱵᱟᱨᱟᱵᱟᱹᱨᱤ
रेफरी / निर्णायक	ᱵᱤᱪᱟᱹᱨᱤᱭᱟᱹ
कप्तान	ᱠᱟᱯᱛᱟᱱ
मैच	ᱠᱷᱮᱞᱚᱰ ᱦᱮᱯᱨᱟᱣ
पहला राउंड	ᱯᱩᱭᱞᱩ ᱫᱷᱟᱣ
फाइनल राउंड	ᱢᱩᱪᱟᱹᱫ ᱫᱷᱟᱣ
प्रोत्साहन	ᱩᱫᱽᱜᱟᱹᱣ
हौसला बढ़ाना	ᱢᱚᱱᱮ ᱠᱮᱴᱮᱡ
आराम करना (खेल बाद)	ᱡᱤᱨᱟᱹᱣ
पानी पीना (खेल बाद)	ᱫᱟᱜ ᱧᱩ
नमस्ते	ᱡᱚᱦᱟᱨ
शुभ प्रभात	ᱥᱟᱹᱜᱩᱱ ᱥᱮᱛᱟᱜ
शुभ दोपहर	ᱥᱟᱹᱜᱩᱱ ᱛᱤᱠᱤᱱ
शुभ संध्या	ᱥᱟᱹᱜᱩᱱ ᱟᱹᱭᱩᱵ
शुभ रात्रि	ᱥᱟᱹᱜᱩᱱ ᱧᱤᱫᱟᱹ
आपका स्वागत है	ᱟᱢ ᱫᱟᱨᱟᱢ
धन्यवाद	ᱥᱟᱨᱦᱟᱣ
बहुत-बहुत धन्यवाद	ᱟᱹᱰᱤ-ᱟᱹᱰᱤ ᱥᱟᱨᱦᱟᱣ
कृपया	ᱫᱟᱭᱟ ᱠᱟᱛᱮ
माफ कीजिए	ᱤᱠᱟᱹ ᱠᱟᱹᱧ ᱢᱮ
कोई बात नहीं (बातचीत)	ᱪᱮᱫ ᱦᱚᱸ ᱵᱟᱝ ᱠᱟᱱᱟ
अलविदा	ᱵᱤᱫᱟᱹᱭ
फिर मिलेंगे	ᱟᱨᱦᱚᱸ ᱵᱚ ᱧᱟᱯᱟᱢᱟ
आप कैसे हैं?	ᱪᱮᱫ ᱞᱮᱠᱟ ᱢᱮᱱᱟᱜ ᱵᱤᱱᱟ?
तुम कैसे हो?	ᱪᱮᱫ ᱞᱮᱠᱟ ᱢᱮᱱᱟᱢᱟ?
तुम सब कैसे हो?	ᱪᱮᱫ ᱞᱮᱠᱟ ᱢᱮᱱᱟᱜ ᱯᱮᱭᱟ?
मैं ठीक हूँ	ᱤᱧ ᱵᱷᱟᱹᱜᱤ ᱜᱮ ᱢᱤᱱᱟᱹᱧᱟ
हम सब ठीक हैं	ᱟᱞᱮ ᱡᱚᱛᱚ ᱦᱚᱲ ᱵᱷᱟᱹᱜᱤ ᱜᱮ ᱢᱮᱱᱟᱜ ᱞᱮᱭᱟ
आपका नाम क्या है?	ᱟᱹᱵᱤᱱᱟᱜ ᱧᱩᱛᱩᱢ ᱫᱚ ᱪᱮᱫ?
तुम्हारा नाम क्या है?	ᱟᱢᱟᱜ ᱧᱩᱛᱩᱢ ᱫᱚ ᱪᱮᱫ?
मेरा नाम राम है	ᱤᱧᱟᱜ ᱧᱩᱛᱩᱢ ᱫᱚ ᱨᱟᱢ ᱠᱟᱱᱟ
तुम कहाँ रहते हो?	ᱟᱢ ᱚᱠᱟ ᱨᱮᱢ ᱛᱟᱦᱮᱸᱱᱟ?
मैं गाँव में रहता हूँ	ᱤᱧ ᱟᱹᱛᱩ ᱨᱮᱧ ᱛᱟᱦᱮᱸᱱᱟ
तुम्हारे गाँव का नाम क्या है?	ᱟᱢᱟᱜ ᱟᱹᱛᱩ ᱨᱮᱱᱟᱜ ᱧᱩᱛᱩᱢ ᱫᱚ ᱪᱮᱫ?
तुम किस कक्षा में पढ़ते हो?	ᱟᱢ ᱚᱠᱟ ᱪᱟᱱᱟᱪ ᱨᱮᱢ ᱯᱟᱲᱦᱟᱣᱜ ᱠᱟᱱᱟ?
मैं तीसरी कक्षा में पढ़ता हूँ	ᱤᱧ ᱯᱮ ᱪᱟᱱᱟᱪ ᱨᱮᱧ ᱯᱟᱲᱦᱟᱣᱜ ᱠᱟᱱᱟ
तुम्हारी उम्र कितनी है?	ᱟᱢᱟᱜ ᱩᱢᱮᱨ ᱛᱤᱱᱟᱹᱜ?
मेरी उम्र आठ साल है	ᱤᱧᱟᱜ ᱩᱢᱮᱨ ᱫᱚ ᱤᱨᱟᱹᱞ ᱥᱮᱨᱢᱟ
तुम्हारे पिता का नाम क्या है?	ᱟᱢ ᱵᱟᱵᱟᱦᱟᱜ ᱧᱩᱛᱩᱢ ᱫᱚ ᱪᱮᱫ?
तुम्हारी माता का नाम क्या है?	ᱟᱢ ᱟᱭᱳᱣᱟᱜ ᱧᱩᱛᱩᱢ ᱫᱚ ᱪᱮᱫ?
तुम्हारा प्रिय विषय कौन सा है?	ᱟᱢᱟᱜ ᱠᱩᱥᱤᱭᱟᱜ ᱥᱟᱛᱟᱢ ᱫᱚ ᱚᱠᱟᱴᱟᱜ?
मेरा प्रिय विषय गणित है	ᱤᱧᱟᱜ ᱠᱩᱥᱤᱭᱟᱜ ᱥᱟᱛᱟᱢ ᱫᱚ ᱞᱮᱠᱷᱟ ᱠᱟᱱᱟ
तुम्हारा प्रिय खेल कौन सा है?	ᱟᱢᱟᱜ ᱠᱩᱥᱤᱭᱟᱜ ᱮᱱᱮᱡ ᱫᱚ ᱚᱠᱟᱴᱟᱜ?
मुझे फुटबॉल पसंद है	ᱤᱧ ᱯᱷᱩᱴᱵᱚᱞ ᱮᱱᱮᱡ ᱠᱩᱥᱤᱭᱟᱹᱧ
तुम स्कूल कैसे आते हो?	ᱟᱢ ᱤᱥᱠᱩᱞ ᱪᱮᱫ ᱞᱮᱠᱟᱛᱮᱢ ᱦᱤᱡᱩᱜᱼᱟ?
मैं पैदल आता हूँ	ᱤᱧ ᱛᱟᱲᱟᱢ ᱛᱮᱧ ᱦᱤᱡᱩᱜᱼᱟ
मैं साइकिल से आता हूँ	ᱤᱧ ᱥᱟᱭᱠᱮᱞ ᱛᱮᱧ ᱦᱤᱡᱩᱜᱼᱟ
तुम्हारा घर स्कूल से कितनी दूर है?	ᱟᱢᱟᱜ ᱚᱲᱟᱜ ᱤᱥᱠᱩᱞ ᱠᱷᱚᱱ ᱛᱤᱱᱟᱹᱜ ᱥᱟᱺᱜᱤᱧ?
पास में ही है	ᱥᱩᱨ ᱨᱮᱜᱮ ᱢᱮᱱᱟᱜᱼᱟ
हाँ	ᱦᱮᱸ
नहीं	ᱵᱟᱝ
शायद	ᱯᱟᱞᱮᱫ
ज़रूर	ᱡᱟᱹᱨᱩᱲ
कभी नहीं	ᱛᱤᱥ ᱦᱚᱸ ᱵᱟᱝ
हमेशा	ᱡᱟᱣ ᱜᱮ
कभी-कभी	ᱛᱤᱥ-ᱛᱤᱥ
यहाँ	ᱱᱚᱰᱮ
वहाँ	ᱦᱟᱸᱰᱮ
कहाँ?	ᱚᱠᱟ ᱨᱮ?
कब?	ᱛᱤᱥ?
क्यों?	ᱪᱮᱫᱟᱜ?
कैसे?	ᱪᱮᱫ ᱞᱮᱠᱟ?
क्या?	ᱪᱮᱫ?
कौन?	ᱚᱠᱚᱭ?
किसका?	ᱚᱠᱚᱭᱟᱜ?
कितना?	ᱛᱤᱱᱟᱹᱜ?
यह	ᱱᱚᱣᱟ
वह	ᱚᱱᱟ
ये सब	ᱱᱚᱣᱟ ᱠᱚ
वे सब	ᱚᱱᱟ ᱠᱚ
मैं	ᱤᱧ
हम	ᱟᱵᱚ
हम लोग (अनन्य)	ᱟᱞᱮ
तुम	ᱟᱢ
आप (आदरणीय)	ᱟᱹᱵᱤᱱ
तुम सब	ᱟᱯᱮ
वह (पुल्लिंग/स्त्रीलिंग)	ᱩᱱᱤ
वे लोग	ᱩᱱᱠᱩ
हम दोनों	ᱟᱞᱟᱝ
तुम दोनों	ᱟᱵᱤᱱ
वे दोनों	ᱩᱱᱠᱤᱱ
मेरा	ᱤᱧᱟᱜ
तुम्हारा	ᱟᱢᱟᱜ
उसका	ᱩᱱᱤᱭᱟᱜ
हमारा	ᱟᱵᱚᱣᱟᱜ
उनका	ᱩᱱᱠᱩᱣᱟᱜ
अच्छा दिन बीते	ᱢᱟᱦᱟᱸ ᱱᱟᱯᱟᱭ ᱛᱮ ᱯᱟᱨᱚᱢᱚᱜ ᱢᱟ
शुभ यात्रा	ᱥᱟᱹᱜᱩᱱ ᱰᱟᱦᱟᱨ
बधाई हो	ᱥᱟᱨᱦᱟᱣ ᱢᱟᱱᱟᱣ
शुभकामनाएँ	ᱥᱟᱹᱜᱩᱱ ᱡᱚᱦᱟᱨ
मुझे जाने दो	ᱤᱧ ᱪᱟᱞᱟᱣ ᱚᱪᱚᱣᱟᱹᱧ ᱢᱮ
थोड़ा रुको	ᱛᱷᱚᱲᱟ ᱛᱟᱺᱜᱤᱭ ᱢᱮ
मुझे नहीं पता	ᱤᱧ ᱵᱟᱹᱧ ᱵᱟᱰᱟᱭᱟ
मुझे पता है	ᱤᱧ ᱵᱟᱰᱟᱭᱟᱹᱧ
मुझे याद है	ᱤᱧ ᱩᱭᱦᱟᱹᱨ ᱢᱮᱱᱟᱜ ᱛᱤᱧᱟ
मैं भूल गया हूँ	ᱤᱧ ᱦᱤᱲᱤᱧ ᱠᱮᱫᱼᱟᱹᱧ
सब ठीक है	ᱡᱚᱛᱚ ᱴᱷᱤᱠ ᱜᱮᱭᱟ
मुझे खुशी हुई	ᱤᱧ ᱨᱟᱹᱥᱠᱟᱹᱧ ᱵᱩᱡᱷᱟᱹᱣ ᱠᱮᱫᱼᱟ
मुझे दुख है	ᱤᱧ ᱫᱩᱠᱷᱤᱧ ᱵᱩᱡᱷᱟᱹᱣ ᱠᱮᱫᱼᱟ
कृपया बैठिए	ᱫᱟᱭᱟ ᱠᱟᱛᱮ ᱫᱩᱲᱩᱵᱽ ᱵᱤᱱ
चाय पिएंगे?	ᱪᱟᱦᱟ ᱵᱤᱱ ᱧᱩᱭᱟ?
पानी पिएंगे?	ᱫᱟᱜ ᱵᱤᱱ ᱧᱩᱭᱟ?
हाँ, धन्यवाद	ᱦᱮᱸ, ᱥᱟᱨᱦᱟᱣ
नहीं, धन्यवाद	ᱵᱟᱝ, ᱥᱟᱨᱦᱟᱣ
आपसे मिलकर खुशी हुई	ᱟᱹᱵᱤᱱ ᱥᱟᱶ ᱧᱟᱯᱟᱢ ᱠᱟᱛᱮ ᱨᱟᱹᱥᱠᱟᱹ ᱦᱩᱭᱮᱱᱟ
अपना ख्याल रखना	ᱟᱯᱱᱟᱨ ᱡᱚᱛᱚᱱ ᱦᱟᱛᱟᱣ ᱢᱮ
जल्दी लौटना	ᱞᱚᱜᱚᱱ ᱨᱩᱣᱟᱹᱲ ᱦᱤᱡᱩᱜ ᱢᱮ
रास्ते में संभल कर जाना	ᱦᱚᱨ ᱨᱮ ᱦᱩᱥᱤᱭᱟᱹᱨ ᱛᱮ ᱥᱮᱱᱚᱜ ᱢᱮ
शुभ दोपहर (नमस्कार)	ᱥᱟᱹᱜᱩᱱ ᱛᱤᱠᱤᱱ ᱡᱚᱦᱟᱨ
शुभ संध्या (नमस्कार)	ᱥᱟᱹᱜᱩᱱ ᱟᱹᱭᱩᱵ ᱡᱚᱦᱟᱨ
आपकी बहुत कृपा है	ᱟᱹᱵᱤᱱᱟᱜ ᱟᱹᱰᱤ ᱫᱟᱭᱟ
आपसे बात करके अच्छा लगा	ᱟᱹᱵᱤᱱ ᱥᱟᱶ ᱨᱚᱯᱚᱲ ᱠᱟᱛᱮ ᱱᱟᱯᱟᱭ ᱵᱩᱡᱷᱟᱹᱣᱮᱱᱟ
