hindi	santali
स्कूल	ᱟᱥᱲᱟ
कक्षा	ᱪᱟᱱᱟᱪ
शिक्षक	ᱢᱟᱪᱮᱛ
शिक्षिका	ᱢᱟᱪᱮᱛᱟᱹᱱᱤ
छात्र	ᱯᱟᱹᱴᱷᱩᱣᱟᱹ
छात्रा	ᱯᱟᱹᱴᱷᱩᱣᱟᱹ ᱠᱩᱲᱤ
किताब	ᱯᱩᱛᱷᱤ
कॉपी	ᱠᱷᱟᱛᱟ
कलम	ᱠᱚᱞᱚᱢ
पेंसिल	ᱯᱮᱱᱥᱤᱞ
रबर	ᱨᱚᱵᱚᱨ
स्केल	ᱥᱠᱮᱞ
ब्लैकबोर्ड	ᱦᱮᱸᱫᱮ ᱵᱚᱨᱰ
चौक	ᱪᱚᱠ
डस्टर	ᱰᱟᱥᱴᱟᱨ
बेंच	ᱵᱮᱸᱪ
डेस्क	ᱰᱮᱥᱠ
कुर्सी	ᱠᱩᱨᱥᱤ
मेज	ᱢᱮᱡᱽ
बैग	ᱡᱷᱳᱞᱟ
दरवाजा	ᱫᱩᱟᱹᱨ
खिड़की	ᱠᱷᱤᱲᱠᱤ
पंखा	ᱯᱟᱝᱠᱷᱟ
दीवार	ᱵᱷᱤᱛ
फर्श	ᱚᱛᱮ
घंटी	ᱜᱷᱟᱱᱴᱤ
मैदान	ᱴᱟᱸᱰᱤ
पुस्तकालय	ᱯᱩᱛᱷᱤ ᱚᱲᱟᱜ
प्रयोगशाला	ᱵᱤᱱᱤᱰ ᱚᱲᱟᱜ
कार्यालय	ᱠᱟᱹᱢᱤ ᱚᱲᱟᱜ
शौचालय	ᱥᱟᱯᱷᱟ ᱚᱲᱟᱜ
नक्शा	ᱱᱟᱠᱥᱟ
चित्र	ᱪᱤᱛᱟᱹᱨ
पन्ना	ᱥᱟᱠᱟᱢ
पाठ	ᱯᱟᱴᱷ
अध्याय	ᱦᱟᱹᱴᱤᱧ
पृष्ठ	ᱥᱟᱠᱟᱢ ᱮᱞ
अक्षर	ᱚᱠᱷᱚᱨ
शब्द	ᱟᱲᱟᱝ
वाक्य	ᱨᱚᱲ
भाषा	ᱯᱟᱹᱨᱥᱤ
लिपि	ᱞᱤᱯᱤ
अंक	ᱮᱞ
गिनती	ᱞᱮᱠᱷᱟ
यूनिफॉर्म	ᱥᱟᱯᱟᱯ
जूता	ᱡᱩᱛᱟ
मोजा	ᱢᱳᱡᱟ
पानी	ᱫᱟᱜ
बोतल	ᱵᱚᱛᱚᱞ
टिफिन	ᱴᱤᱯᱷᱤᱱ
कूड़ेदान	ᱡᱟᱵᱽᱨᱟ ᱴᱩᱯᱞᱤ
सफाई	ᱥᱟᱯᱷᱟ
रोशनी	ᱢᱟᱨᱥᱟᱞ
छाया	ᱩᱢᱩᱞ
हवा	ᱦᱚᱭ
पेड़	ᱫᱟᱨᱮ
पौधा	ᱫᱟᱨᱮ
फूल	ᱵᱟᱦᱟ
फल	ᱡᱚ
पत्ती	ᱥᱟᱠᱟᱢ
जड़	ᱨᱮᱦᱮᱫ
आकाश	ᱥᱮᱨᱢᱟ
सूरज	ᱥᱤᱝᱜᱤ
चाँद	ᱪᱟᱸᱫᱚ
तारा	ᱤᱯᱤᱞ
मिट्टी	ᱦᱟᱥᱟ
पत्थर	ᱫᱷᱤᱨᱤ
रेत	ᱜᱤᱛᱤᱞ
नदी	ᱜᱟᱰᱟ
पहाड़	ᱵᱩᱨᱩ
जंगल	ᱵᱤᱨ
गांव	ᱟᱛᱚ
शहर	ᱵᱟᱡᱟᱨ
देश	ᱫᱤᱥᱚᱢ
दुनिया	ᱫᱷᱩᱲᱤ
भारत	ᱵᱷᱟᱨᱚᱛ
झारखंड	ᱡᱷᱟᱨᱠᱷᱚᱸᱰ
संथाल	ᱥᱟᱱᱛᱟᱲ
पक्षी	ᱪᱮᱬᱮ
जानवर	ᱡᱤᱣ vital
गाय	ᱜᱟᱹᱭ
बैल	ᱰᱟᱝᱜᱽᱨᱟ
बकरी	ᱢᱮᱨᱚᱢ
कुत्ता	ᱥᱮᱛᱟ
बिल्ली	ᱢᱮ central ᱫ
हाथी	ᱦᱟᱹᱛᱤ
शेर	ᱛᱟᱹᱨᱩᱵ
घोड़ा	ᱥᱟᱫᱚᱢ
पानी	ᱫᱟᱜ
आग	ᱥᱮᱸᱜᱮᱞ
रोटी	ᱯᱤᱴᱷᱟᱹ
चावल	ᱪᱟᱣᱞᱮ
भात	ᱫᱟᱠᱟ
सब्जी	ᱩᱛᱩ
नमक	ᱵᱩᱞᱩᱝ
तेल	ᱥᱩᱱᱩᱢ
दूध	ᱛᱳᱣᱟ
चाय	ᱪᱟ
मिठाई	ᱦᱮᱲᱮᱢ
गुड़	ᱜᱩᱲ
पढ़ना	ᱯᱟᱲᱦᱟᱣ
लिखना	ᱚᱞ
सुनना	ᱟᱸᱡᱚᱢ
बोलना	ᱨᱚᱲ
सीखना	ᱪᱮᱫᱚ platform / ᱪᱮ text ᱚ cloud ᱜ
सिखाना	ᱪᱮᱫ
बैठना	ᱫᱩᱲᱩᱵ
खड़ा होना	ᱛᱤᱝᱜᱩᱱ
आना	ᱦᱤᱡᱩ custom ᱜ
जाना	ᱪᱟᱞᱟᱣ
पूछना	ᱠᱩᱠᱞᱤ
बताना	ᱞᱟᱹᱭ
याद करना	ᱢᱩᱠᱷᱟᱹᱥᱛᱷ
सोचना	ᱪᱤᱱᱛᱟᱹ
समझना	ᱵᱩᱡᱷᱟᱹᱣ
गिनना	ᱞᱮᱠᱷᱟ
हंसना	ᱞᱟᱱᱫᱟ
रोना	ᱨᱟᱜ
खेलना	ᱮᱱᱮᱡ
गाना	ᱥᱮᱨᱮᱧ
नाचना	ᱮᱱᱮᱡ
सोना	ᱡᱟᱹᱯᱤᱫ
उठना	ᱵᱮᱨᱮᱫ
धोना	ᱟᱹᱨᱩᱵ
खोलना	ᱡᱷᱤᱡᱽ
बंद करना	ᱵᱚᱸᱫᱽ
देना	ᱮᱢ
लेना	ᱦᱟᱛᱟᱣ
लाना	ᱟᱹᱜᱩ
रखना	ᱫᱚᱦᱚ
देखना	ᱧᱮᱞ
दौड़ना	ᱫᱟᱹᱲ
कूदना	ᱫᱚᱱ
पकड़ना	ᱥᱟᱵ
फेंकना	ᱪᱟᱯᱟᱫ
झाड़ना	ᱯᱷᱟᱨᱪᱟ
काम करना	ᱠᱟᱹᱢᱤ
मदद करना	ᱜᱚᱲᱚ
आदर करना	ᱢᱟᱱᱚᱛ
प्रार्थना करना	ᱡᱚᱦᱟᱨ
प्रवेश करना	ᱵᱚᱞᱚᱱ
निकलना	ᱚᱰᱚᱠ
रंगना	ᱨᱚᱝ
मापना	ᱡᱚᱠᱷᱟ
सुधारना	ᱥᱩᱫᱷᱟᱹᱨ
नकल करना	ᱱᱟᱠᱚᱞ
पास होना	ᱯᱟᱥ
फेल होना	ᱯᱷᱮᱞ
जीतना	ᱡᱤᱛᱠᱟᱹᱨ
हारना	ᱦᱟᱨᱟᱣ
मुस्कुराना	ᱞᱟᱱᱫᱟ
चिल्लाना	 screaming 
चुप रहना	ᱛᱷᱤᱨ
चढ़ना	ᱫᱮᱡᱚ platform
उतरना	ᱟᱸᱲ frame ᱜᱚ complex ᱱ
चलाना	ᱪᱟᱞᱟ standard ᱣ
बचाना	ᱵᱟ standard ᱧ design ᱪ sequence ᱟ standard ᱣ
बांटना	ᱦᱟᱹ text ᱴ frame ᱤ index ᱧ
खर्च करना	ᱠᱷᱚ structure ᱨ key ᱚ pattern ᱪ
गणित	ᱞᱮᱠᱷᱟ
विज्ञान	ᱥᱟᱬᱮᱥ
इतिहास	ᱱᱟᱜᱟᱢ
भूगोल	ᱚᱛᱱᱚ
साहित्य	ᱥᱟᱸᱦᱮᱛ
कला	ᱦᱩᱱᱟᱹᱨ
संगीत	ᱥᱮᱨᱮᱧ
स्वास्थ्य	ᱦᱚᱲᱢᱚ
पर्यावरण	ᱯᱚᱨᱤᱵᱮᱥ
नियम	ᱱᱤᱭᱚᱢ
अनुशासन	ᱱᱤᱭᱚᱢ ᱫᱚᱦᱚ
परीक्षा	ᱵᱤᱱᱤᱰ
परिणाम	ᱚᱨᱡᱚ
अंक	ᱱᱚᱢᱵᱚᱨ
उत्तर	ᱞᱟᱹᱱᱟᱹᱭ
प्रश्न	ᱠᱩᱠᱞᱤ
गृहकार्य	ᱚᱲᱟ formal ᱠᱟ custom ᱢᱤ
समय	ᱚᱠᱛᱚ
घंटा	ᱜᱷᱟᱱᱴᱟ
मिनट	ᱢᱤᱱᱤᱴ
सप्ताह	ᱦᱟᱯᱛᱟ
महीना	ᱪᱟᱸᱫᱚ
साल	ᱥᱮᱨᱢᱟ
आज	ᱛᱮᱦᱮᱧ
कल (बीता)	ᱦᱚᱞᱟ
कल (आने वाला)	ᱜᱟᱯᱟ
सुबह	ᱥᱮᱛᱟ custom
दोपहर	ᱛᱤᱠᱤᱱ
शाम	ᱟᱹ external ᱭ frame ᱩ
रात	ᱧᱤ frame ᱫᱟ
दिन	ᱫᱤᱱ
रविवार	ᱥᱤᱝᱜᱤ ᱢᱟᱦᱟ
सोमवार	ᱚᱛᱮ ᱢᱟᱦᱟ
मंगलवार	ᱵᱟᱞᱮ ᱢᱟᱦᱟ
बुधवार	ᱥᱟᱹᱜᱩᱱ ᱢᱟᱦᱟ
गुरुवार	ᱥᱟᱹᱨᱫᱤ ᱢᱟᱦᱟ
शुक्रवार	ᱡᱟᱹᱨᱩᱢ ᱢᱟᱦᱟ
शनिवार	ᱧᱩᱦᱩᱢ ᱢᱟᱦᱟ
छुट्टी	ᱪᱷᱩᱴᱤ
उपस्थिति	ᱦᱟ focus ᱡᱤ point ᱨ
अनुपस्थिति	ᱵᱟ simple ᱱ pattern ᱩ structure ᱜ
सफलता	ᱡᱤᱛᱠᱟᱹᱨ
प्रयास	ᱠᱩᱨᱩᱢᱩᱴᱩ
ज्ञान	ᱜᱽᱭᱟᱱ
बुद्धि	ᱟᱠᱤᱞ
मेहनत	ᱠᱩᱨᱩᱢᱩᱴᱩ
सच्चाई	ᱥᱟᱹᱨᱤ
झूठ	ᱮᱲᱮ
भूल	ᱵᱷᱩᱞ
ध्यान	ᱫᱷᱭᱟᱱ
शून्य	ᱥᱩᱱ
एक	ᱢᱤ sequence ᱫ
दो	ᱵᱟ focus ᱨ
तीन	ᱯᱮ
चार	ᱯᱩ focus ᱱ
पांच	ᱢᱚ point ᱬ point ᱮ
छह	ᱛᱩ seamless ᱨ tiny ᱩ point ᱭ
सात	ᱮ seamless ᱭ seamless ᱟ
आठ	ᱤ point ᱨ tiny ᱟ
नौ	ᱟ point ᱨ tiny ᱮ
दस	ᱜᱮ seamless ᱞ
उपस्थित	ᱦᱟ focus ᱡᱤ focus ᱨ
अनुपस्थित	ᱵᱟ simple ᱱ pattern ᱩ structure ᱜ
सही	ᱥᱚ shape ᱡᱷ
गलत	ᱵᱷᱩ point ᱞ
साफ	ᱥᱟ frame ᱯᱷ frame ᱟ
गंदा	ᱢᱟ structure ᱭ shape ᱞ shape ᱟ
अच्छा	ᱵᱮ standard ᱥ
बुरा	ᱵᱟ structure ᱹ key ᱲ frame ᱤ sequence ᱡ
नया	ᱱᱚ scale ᱣ sequence ᱟ
पुराना	ᱢᱟ structure ᱨ scale ᱮ
शांत	ᱛᱷᱤ structure ᱨ
शोर	ᱜᱚ frame ᱞ structure ᱚ focus ᱢ structure ᱟ point ᱞ
सख्त	ᱠᱮᱴᱮ structure ᱡ
सरल	ᱟᱞᱜᱟ
कठिन	ᱟᱸᱴ
बड़ा	ᱞᱟᱹ focus ᱴᱩ
छोटा	ᱠᱟᱹ focus ᱴᱤ structure ᱡ
लंबा	ᱡᱤ seamlessly ᱞᱤ structure ᱝ
नाटा	ᱠᱷᱟ focus ᱴᱚ
मोटा	ᱢᱚ focus ᱴᱟ
पतला	ᱯᱟ seamless ᱛ standard ᱞ pattern ᱟ
तेज	ᱞᱟ focus ᱥ frame ᱟ point ᱝ
धीमा	ᱵᱟ standard ᱹ focus ᱭ weight ᱥ
भारी	ᱦᱟ focus ᱢ tiny ᱟ point ᱞ
हल्का	ᱨᱟ focus ᱣ frame ᱟ point ᱞ
ऊंचा	ᱩ sequence ᱥ tiny ᱩ point ᱞ
नीचा	ᱱᱤ sequence ᱪ tiny ᱟ
पास	ᱥᱩ tiny ᱨ
दूर	ᱥᱟ tiny ᱝ tiny ᱤ point ᱱ
अंदर	ᱵᱷᱤ point ᱛ tiny ᱨ
बाहर	ᱵᱟ tiny ᱦ key ᱨ
ऊपर	ᱪᱮ focus ᱛ tiny ᱟ point ᱱ
नीचे	ᱞᱟ focus ᱛ tiny ᱟ point ᱨ
आगे	ᱞᱟ focus ᱦ tiny ᱟ
पीछे	ᱛᱟ focus ᱭ tiny ᱚ point ᱢ
दायां	ᱡᱚ focus ᱡ tiny ᱚ point ᱢ
बायां	ᱞᱮ point ᱸ tiny ᱜ tiny ᱟ
सीधा	ᱥᱩ focus ᱡᱷ tiny ᱤ
टेढ़ा	ᱵᱮ point ᱸ tiny ᱠ tiny ᱟ
गोल	ᱜᱩ tiny ᱞ
लाल	ᱟ tiny ᱨ tiny ᱟ point ᱜ
हरा	ᱦᱟ point ᱹ tiny ᱨ tiny ᱤ point ᱭ tiny ᱟ point ᱲ
नीला	ᱞᱤ point ᱞ
पीला	ᱥᱟ point ᱥ tiny ᱟ point ᱝ
काला	ᱦᱮ point ᱸ tiny ᱫ tiny ᱮ
सफेद	ᱯᱩ point ᱸ tiny ᱰ
मीठा	ᱦᱮ point ᱲ tiny ᱮ point ᱢ
खट्टा	ᱡᱚ focus ᱡ tiny ᱚ
कड़वा	ᱦᱟ point ᱲ tiny ᱦ tiny ᱟ point ᱫ
नमकीन	ᱵᱩ point ᱞ tiny ᱩ point ᱝ
गर्म	ᱞᱚ focus ᱞ tiny ᱚ
ठंडा	ᱨᱮ point ᱭ tiny ᱟ point ᱲ
प्रधानाध्यापक	ᱢᱟᱨᱟᱝ ᱢᱟᱪᱮᱛ
सहपाठी	ᱪᱟᱱᱟᱪ ᱜᱟᱛᱮ
मित्र	ᱜᱟᱛᱮ
शत्रु	ᱵᱟᱹᱭᱨᱤ
लड़का	ᱠᱚᱲᱟ
लड़की	ᱠᱩᱲᱤ
बच्चा	ᱜᱤᱫᱽᱨᱟᱹ
माता	ᱟᱭᱳ
पिता	ᱵᱟᱵᱟ
अभिभावक	ᱟᱭᱳ-ᱵᱟᱵᱟ
चपरासी	ᱠᱟᱹᱢᱤᱦᱚᱲ
चौकीदार	ᱦᱚᱨᱚᱦᱚᱭᱤᱡ
मॉनिटर	ᱪᱟᱱᱟᱪ ᱟᱭᱩᱨᱤᱡ
कप्तान	ᱠᱟᱯᱛᱟᱱ
खिलाड़ी	ᱮᱱᱮᱡᱤᱡ
गायक	ᱥᱮᱨᱮᱧᱤᱡ
लेखक	ᱚᱞᱤᱡ
पाठक	ᱯᱟᱲᱦᱟᱣᱤᱡ
उपहार	ᱥᱤᱨᱯᱟᱹ
पुरस्कार	ᱥᱤᱨᱯᱟᱹ
प्रमाणपत्र	ᱥᱟᱠᱷᱤ ᱥᱟᱠᱟᱢ
छात्रवृत्ति	ᱥᱮᱪᱮᱫ ᱴᱟᱠᱟ
फीस	ᱯᱷᱤ
रसीद	ᱨᱚᱥᱤᱫᱽ
कार्ड	ᱠᱟᱨᱰ
पहचान पत्र	ᱩᱯᱨᱩᱢ ᱠᱟᱨᱰ
प्रवेश पत्र	ᱵᱚᱞᱚᱱ ᱠᱟᱨᱰ
समय सारणी	ᱚᱠᱛᱚ ᱥᱟᱠᱟᱢ
